[0.000000] (-) TimerEvent: {}
[0.001735] (diffdrive_arduino) JobQueued: {'identifier': 'diffdrive_arduino', 'dependencies': OrderedDict()}
[0.002318] (my_bot) JobQueued: {'identifier': 'my_bot', 'dependencies': OrderedDict()}
[0.002917] (robots_nav_contr) JobQueued: {'identifier': 'robots_nav_contr', 'dependencies': OrderedDict()}
[0.003121] (serial) JobQueued: {'identifier': 'serial', 'dependencies': OrderedDict()}
[0.003276] (serial_motor_demo_msgs) JobQueued: {'identifier': 'serial_motor_demo_msgs', 'dependencies': OrderedDict()}
[0.003484] (serial_motor_demo) JobQueued: {'identifier': 'serial_motor_demo', 'dependencies': OrderedDict([('serial_motor_demo_msgs', '/home/winicon/smilebot_ws/install/serial_motor_demo_msgs')])}
[0.003641] (serial_motor_demo_msgs) JobStarted: {'identifier': 'serial_motor_demo_msgs'}
[0.042108] (diffdrive_arduino) JobStarted: {'identifier': 'diffdrive_arduino'}
[0.061417] (my_bot) JobStarted: {'identifier': 'my_bot'}
[0.080540] (robots_nav_contr) JobStarted: {'identifier': 'robots_nav_contr'}
[0.098990] (-) TimerEvent: {}
[0.125407] (serial_motor_demo_msgs) JobProgress: {'identifier': 'serial_motor_demo_msgs', 'progress': 'cmake'}
[0.128370] (serial_motor_demo_msgs) JobProgress: {'identifier': 'serial_motor_demo_msgs', 'progress': 'build'}
[0.131017] (serial_motor_demo_msgs) Command: {'cmd': ['/usr/bin/cmake', '--build', '/home/winicon/smilebot_ws/build/serial_motor_demo_msgs', '--', '-j4', '-l4'], 'cwd': '/home/winicon/smilebot_ws/build/serial_motor_demo_msgs', 'env': OrderedDict([('LESSOPEN', '| /usr/bin/lesspipe %s'), ('LANGUAGE', 'en_GB:en'), ('WORKON_HOME', '/home/winicon/.virtualenvs'), ('USER', 'winicon'), ('SSH_CLIENT', '192.168.1.66 62579 22'), ('XDG_SESSION_TYPE', 'tty'), ('GIT_ASKPASS', '/home/winicon/.vscode-server/cli/servers/Stable-fabdb6a30b49f79a7aba0f2ad9df9b399473380f/server/extensions/git/dist/askpass.sh'), ('SHLVL', '1'), ('LD_LIBRARY_PATH', '/opt/ros/humble/opt/rviz_ogre_vendor/lib:/opt/ros/humble/lib/aarch64-linux-gnu:/opt/ros/humble/lib'), ('BROWSER', '/home/winicon/.vscode-server/cli/servers/Stable-fabdb6a30b49f79a7aba0f2ad9df9b399473380f/server/bin/helpers/browser.sh'), ('MOTD_SHOWN', 'pam'), ('HOME', '/home/winicon'), ('VIRTUALENVWRAPPER_PYTHON', '/usr/bin/python3'), ('OLDPWD', '/home/winicon/smilebot_ws/src/serial_motor_demo'), ('TERM_PROGRAM_VERSION', '1.96.2'), ('VSCODE_IPC_HOOK_CLI', '/run/user/1000/vscode-ipc-e7a4cc3d-0e85-42bb-9dc5-efc4c6779997.sock'), ('ROS_PYTHON_VERSION', '3'), ('VSCODE_GIT_ASKPASS_MAIN', '/home/winicon/.vscode-server/cli/servers/Stable-fabdb6a30b49f79a7aba0f2ad9df9b399473380f/server/extensions/git/dist/askpass-main.js'), ('VSCODE_GIT_ASKPASS_NODE', '/home/winicon/.vscode-server/cli/servers/Stable-fabdb6a30b49f79a7aba0f2ad9df9b399473380f/server/node'), ('SSL_CERT_FILE', '/usr/lib/ssl/certs/ca-certificates.crt'), ('DBUS_SESSION_BUS_ADDRESS', 'unix:path=/run/user/1000/bus'), ('COLORTERM', 'truecolor'), ('ROS_DISTRO', 'humble'), ('LOGNAME', 'winicon'), ('_', '/usr/bin/colcon'), ('ROS_VERSION', '2'), ('XDG_SESSION_CLASS', 'user'), ('TERM', 'xterm-256color'), ('XDG_SESSION_ID', '3'), ('ROS_LOCALHOST_ONLY', '0'), ('PATH', '/opt/ros/humble/bin:/home/winicon/.vscode-server/cli/servers/Stable-fabdb6a30b49f79a7aba0f2ad9df9b399473380f/server/bin/remote-cli:/usr/local/sbin:/usr/local/bin:/usr/sbin:/usr/bin:/sbin:/bin:/usr/games:/usr/local/games:/snap/bin'), ('XDG_RUNTIME_DIR', '/run/user/1000'), ('SSL_CERT_DIR', '/usr/lib/ssl/certs'), ('LANG', 'en_US.UTF-8'), ('LS_COLORS', 'rs=0:di=01;34:ln=01;36:mh=00:pi=40;33:so=01;35:do=01;35:bd=40;33;01:cd=40;33;01:or=40;31;01:mi=00:su=37;41:sg=30;43:ca=30;41:tw=30;42:ow=34;42:st=37;44:ex=01;32:*.tar=01;31:*.tgz=01;31:*.arc=01;31:*.arj=01;31:*.taz=01;31:*.lha=01;31:*.lz4=01;31:*.lzh=01;31:*.lzma=01;31:*.tlz=01;31:*.txz=01;31:*.tzo=01;31:*.t7z=01;31:*.zip=01;31:*.z=01;31:*.dz=01;31:*.gz=01;31:*.lrz=01;31:*.lz=01;31:*.lzo=01;31:*.xz=01;31:*.zst=01;31:*.tzst=01;31:*.bz2=01;31:*.bz=01;31:*.tbz=01;31:*.tbz2=01;31:*.tz=01;31:*.deb=01;31:*.rpm=01;31:*.jar=01;31:*.war=01;31:*.ear=01;31:*.sar=01;31:*.rar=01;31:*.alz=01;31:*.ace=01;31:*.zoo=01;31:*.cpio=01;31:*.7z=01;31:*.rz=01;31:*.cab=01;31:*.wim=01;31:*.swm=01;31:*.dwm=01;31:*.esd=01;31:*.jpg=01;35:*.jpeg=01;35:*.mjpg=01;35:*.mjpeg=01;35:*.gif=01;35:*.bmp=01;35:*.pbm=01;35:*.pgm=01;35:*.ppm=01;35:*.tga=01;35:*.xbm=01;35:*.xpm=01;35:*.tif=01;35:*.tiff=01;35:*.png=01;35:*.svg=01;35:*.svgz=01;35:*.mng=01;35:*.pcx=01;35:*.mov=01;35:*.mpg=01;35:*.mpeg=01;35:*.m2v=01;35:*.mkv=01;35:*.webm=01;35:*.webp=01;35:*.ogm=01;35:*.mp4=01;35:*.m4v=01;35:*.mp4v=01;35:*.vob=01;35:*.qt=01;35:*.nuv=01;35:*.wmv=01;35:*.asf=01;35:*.rm=01;35:*.rmvb=01;35:*.flc=01;35:*.avi=01;35:*.fli=01;35:*.flv=01;35:*.gl=01;35:*.dl=01;35:*.xcf=01;35:*.xwd=01;35:*.yuv=01;35:*.cgm=01;35:*.emf=01;35:*.ogv=01;35:*.ogx=01;35:*.aac=00;36:*.au=00;36:*.flac=00;36:*.m4a=00;36:*.mid=00;36:*.midi=00;36:*.mka=00;36:*.mp3=00;36:*.mpc=00;36:*.ogg=00;36:*.ra=00;36:*.wav=00;36:*.oga=00;36:*.opus=00;36:*.spx=00;36:*.xspf=00;36:'), ('VSCODE_GIT_IPC_HANDLE', '/run/user/1000/vscode-git-dbbed90932.sock'), ('TERM_PROGRAM', 'vscode'), ('AMENT_PREFIX_PATH', '/opt/ros/humble'), ('SHELL', '/bin/bash'), ('LESSCLOSE', '/usr/bin/lesspipe %s %s'), ('VSCODE_GIT_ASKPASS_EXTRA_ARGS', ''), ('PWD', '/home/winicon/smilebot_ws/build/serial_motor_demo_msgs'), ('LC_ALL', 'en_US.UTF-8'), ('SSH_CONNECTION', '192.168.1.66 62579 192.168.1.177 22'), ('PYTHONPATH', '/opt/ros/humble/lib/python3.10/site-packages:/opt/ros/humble/local/lib/python3.10/dist-packages'), ('COLCON', '1'), ('CMAKE_PREFIX_PATH', '/opt/ros/humble')]), 'shell': False}
[0.143562] (diffdrive_arduino) JobProgress: {'identifier': 'diffdrive_arduino', 'progress': 'cmake'}
[0.147541] (diffdrive_arduino) JobProgress: {'identifier': 'diffdrive_arduino', 'progress': 'build'}
[0.151739] (diffdrive_arduino) Command: {'cmd': ['/usr/bin/cmake', '--build', '/home/winicon/smilebot_ws/build/diffdrive_arduino', '--', '-j4', '-l4'], 'cwd': '/home/winicon/smilebot_ws/build/diffdrive_arduino', 'env': OrderedDict([('LESSOPEN', '| /usr/bin/lesspipe %s'), ('LANGUAGE', 'en_GB:en'), ('WORKON_HOME', '/home/winicon/.virtualenvs'), ('USER', 'winicon'), ('SSH_CLIENT', '192.168.1.66 62579 22'), ('XDG_SESSION_TYPE', 'tty'), ('GIT_ASKPASS', '/home/winicon/.vscode-server/cli/servers/Stable-fabdb6a30b49f79a7aba0f2ad9df9b399473380f/server/extensions/git/dist/askpass.sh'), ('SHLVL', '1'), ('LD_LIBRARY_PATH', '/opt/ros/humble/opt/rviz_ogre_vendor/lib:/opt/ros/humble/lib/aarch64-linux-gnu:/opt/ros/humble/lib'), ('BROWSER', '/home/winicon/.vscode-server/cli/servers/Stable-fabdb6a30b49f79a7aba0f2ad9df9b399473380f/server/bin/helpers/browser.sh'), ('MOTD_SHOWN', 'pam'), ('HOME', '/home/winicon'), ('VIRTUALENVWRAPPER_PYTHON', '/usr/bin/python3'), ('OLDPWD', '/home/winicon/smilebot_ws/src/serial_motor_demo'), ('TERM_PROGRAM_VERSION', '1.96.2'), ('VSCODE_IPC_HOOK_CLI', '/run/user/1000/vscode-ipc-e7a4cc3d-0e85-42bb-9dc5-efc4c6779997.sock'), ('ROS_PYTHON_VERSION', '3'), ('VSCODE_GIT_ASKPASS_MAIN', '/home/winicon/.vscode-server/cli/servers/Stable-fabdb6a30b49f79a7aba0f2ad9df9b399473380f/server/extensions/git/dist/askpass-main.js'), ('VSCODE_GIT_ASKPASS_NODE', '/home/winicon/.vscode-server/cli/servers/Stable-fabdb6a30b49f79a7aba0f2ad9df9b399473380f/server/node'), ('SSL_CERT_FILE', '/usr/lib/ssl/certs/ca-certificates.crt'), ('DBUS_SESSION_BUS_ADDRESS', 'unix:path=/run/user/1000/bus'), ('COLORTERM', 'truecolor'), ('ROS_DISTRO', 'humble'), ('LOGNAME', 'winicon'), ('_', '/usr/bin/colcon'), ('ROS_VERSION', '2'), ('XDG_SESSION_CLASS', 'user'), ('TERM', 'xterm-256color'), ('XDG_SESSION_ID', '3'), ('ROS_LOCALHOST_ONLY', '0'), ('PATH', '/opt/ros/humble/bin:/home/winicon/.vscode-server/cli/servers/Stable-fabdb6a30b49f79a7aba0f2ad9df9b399473380f/server/bin/remote-cli:/usr/local/sbin:/usr/local/bin:/usr/sbin:/usr/bin:/sbin:/bin:/usr/games:/usr/local/games:/snap/bin'), ('XDG_RUNTIME_DIR', '/run/user/1000'), ('SSL_CERT_DIR', '/usr/lib/ssl/certs'), ('LANG', 'en_US.UTF-8'), ('LS_COLORS', 'rs=0:di=01;34:ln=01;36:mh=00:pi=40;33:so=01;35:do=01;35:bd=40;33;01:cd=40;33;01:or=40;31;01:mi=00:su=37;41:sg=30;43:ca=30;41:tw=30;42:ow=34;42:st=37;44:ex=01;32:*.tar=01;31:*.tgz=01;31:*.arc=01;31:*.arj=01;31:*.taz=01;31:*.lha=01;31:*.lz4=01;31:*.lzh=01;31:*.lzma=01;31:*.tlz=01;31:*.txz=01;31:*.tzo=01;31:*.t7z=01;31:*.zip=01;31:*.z=01;31:*.dz=01;31:*.gz=01;31:*.lrz=01;31:*.lz=01;31:*.lzo=01;31:*.xz=01;31:*.zst=01;31:*.tzst=01;31:*.bz2=01;31:*.bz=01;31:*.tbz=01;31:*.tbz2=01;31:*.tz=01;31:*.deb=01;31:*.rpm=01;31:*.jar=01;31:*.war=01;31:*.ear=01;31:*.sar=01;31:*.rar=01;31:*.alz=01;31:*.ace=01;31:*.zoo=01;31:*.cpio=01;31:*.7z=01;31:*.rz=01;31:*.cab=01;31:*.wim=01;31:*.swm=01;31:*.dwm=01;31:*.esd=01;31:*.jpg=01;35:*.jpeg=01;35:*.mjpg=01;35:*.mjpeg=01;35:*.gif=01;35:*.bmp=01;35:*.pbm=01;35:*.pgm=01;35:*.ppm=01;35:*.tga=01;35:*.xbm=01;35:*.xpm=01;35:*.tif=01;35:*.tiff=01;35:*.png=01;35:*.svg=01;35:*.svgz=01;35:*.mng=01;35:*.pcx=01;35:*.mov=01;35:*.mpg=01;35:*.mpeg=01;35:*.m2v=01;35:*.mkv=01;35:*.webm=01;35:*.webp=01;35:*.ogm=01;35:*.mp4=01;35:*.m4v=01;35:*.mp4v=01;35:*.vob=01;35:*.qt=01;35:*.nuv=01;35:*.wmv=01;35:*.asf=01;35:*.rm=01;35:*.rmvb=01;35:*.flc=01;35:*.avi=01;35:*.fli=01;35:*.flv=01;35:*.gl=01;35:*.dl=01;35:*.xcf=01;35:*.xwd=01;35:*.yuv=01;35:*.cgm=01;35:*.emf=01;35:*.ogv=01;35:*.ogx=01;35:*.aac=00;36:*.au=00;36:*.flac=00;36:*.m4a=00;36:*.mid=00;36:*.midi=00;36:*.mka=00;36:*.mp3=00;36:*.mpc=00;36:*.ogg=00;36:*.ra=00;36:*.wav=00;36:*.oga=00;36:*.opus=00;36:*.spx=00;36:*.xspf=00;36:'), ('VSCODE_GIT_IPC_HANDLE', '/run/user/1000/vscode-git-dbbed90932.sock'), ('TERM_PROGRAM', 'vscode'), ('AMENT_PREFIX_PATH', '/opt/ros/humble'), ('SHELL', '/bin/bash'), ('LESSCLOSE', '/usr/bin/lesspipe %s %s'), ('VSCODE_GIT_ASKPASS_EXTRA_ARGS', ''), ('PWD', '/home/winicon/smilebot_ws/build/diffdrive_arduino'), ('LC_ALL', 'en_US.UTF-8'), ('SSH_CONNECTION', '192.168.1.66 62579 192.168.1.177 22'), ('PYTHONPATH', '/opt/ros/humble/lib/python3.10/site-packages:/opt/ros/humble/local/lib/python3.10/dist-packages'), ('COLCON', '1'), ('CMAKE_PREFIX_PATH', '/opt/ros/humble')]), 'shell': False}
[0.161472] (my_bot) JobProgress: {'identifier': 'my_bot', 'progress': 'cmake'}
[0.175279] (my_bot) JobProgress: {'identifier': 'my_bot', 'progress': 'build'}
[0.175658] (my_bot) Command: {'cmd': ['/usr/bin/cmake', '--build', '/home/winicon/smilebot_ws/build/my_bot', '--', '-j4', '-l4'], 'cwd': '/home/winicon/smilebot_ws/build/my_bot', 'env': OrderedDict([('LESSOPEN', '| /usr/bin/lesspipe %s'), ('LANGUAGE', 'en_GB:en'), ('WORKON_HOME', '/home/winicon/.virtualenvs'), ('USER', 'winicon'), ('SSH_CLIENT', '192.168.1.66 62579 22'), ('XDG_SESSION_TYPE', 'tty'), ('GIT_ASKPASS', '/home/winicon/.vscode-server/cli/servers/Stable-fabdb6a30b49f79a7aba0f2ad9df9b399473380f/server/extensions/git/dist/askpass.sh'), ('SHLVL', '1'), ('LD_LIBRARY_PATH', '/opt/ros/humble/opt/rviz_ogre_vendor/lib:/opt/ros/humble/lib/aarch64-linux-gnu:/opt/ros/humble/lib'), ('BROWSER', '/home/winicon/.vscode-server/cli/servers/Stable-fabdb6a30b49f79a7aba0f2ad9df9b399473380f/server/bin/helpers/browser.sh'), ('MOTD_SHOWN', 'pam'), ('HOME', '/home/winicon'), ('VIRTUALENVWRAPPER_PYTHON', '/usr/bin/python3'), ('OLDPWD', '/home/winicon/smilebot_ws/src/serial_motor_demo'), ('TERM_PROGRAM_VERSION', '1.96.2'), ('VSCODE_IPC_HOOK_CLI', '/run/user/1000/vscode-ipc-e7a4cc3d-0e85-42bb-9dc5-efc4c6779997.sock'), ('ROS_PYTHON_VERSION', '3'), ('VSCODE_GIT_ASKPASS_MAIN', '/home/winicon/.vscode-server/cli/servers/Stable-fabdb6a30b49f79a7aba0f2ad9df9b399473380f/server/extensions/git/dist/askpass-main.js'), ('VSCODE_GIT_ASKPASS_NODE', '/home/winicon/.vscode-server/cli/servers/Stable-fabdb6a30b49f79a7aba0f2ad9df9b399473380f/server/node'), ('SSL_CERT_FILE', '/usr/lib/ssl/certs/ca-certificates.crt'), ('DBUS_SESSION_BUS_ADDRESS', 'unix:path=/run/user/1000/bus'), ('COLORTERM', 'truecolor'), ('ROS_DISTRO', 'humble'), ('LOGNAME', 'winicon'), ('_', '/usr/bin/colcon'), ('ROS_VERSION', '2'), ('XDG_SESSION_CLASS', 'user'), ('TERM', 'xterm-256color'), ('XDG_SESSION_ID', '3'), ('ROS_LOCALHOST_ONLY', '0'), ('PATH', '/opt/ros/humble/bin:/home/winicon/.vscode-server/cli/servers/Stable-fabdb6a30b49f79a7aba0f2ad9df9b399473380f/server/bin/remote-cli:/usr/local/sbin:/usr/local/bin:/usr/sbin:/usr/bin:/sbin:/bin:/usr/games:/usr/local/games:/snap/bin'), ('XDG_RUNTIME_DIR', '/run/user/1000'), ('SSL_CERT_DIR', '/usr/lib/ssl/certs'), ('LANG', 'en_US.UTF-8'), ('LS_COLORS', 'rs=0:di=01;34:ln=01;36:mh=00:pi=40;33:so=01;35:do=01;35:bd=40;33;01:cd=40;33;01:or=40;31;01:mi=00:su=37;41:sg=30;43:ca=30;41:tw=30;42:ow=34;42:st=37;44:ex=01;32:*.tar=01;31:*.tgz=01;31:*.arc=01;31:*.arj=01;31:*.taz=01;31:*.lha=01;31:*.lz4=01;31:*.lzh=01;31:*.lzma=01;31:*.tlz=01;31:*.txz=01;31:*.tzo=01;31:*.t7z=01;31:*.zip=01;31:*.z=01;31:*.dz=01;31:*.gz=01;31:*.lrz=01;31:*.lz=01;31:*.lzo=01;31:*.xz=01;31:*.zst=01;31:*.tzst=01;31:*.bz2=01;31:*.bz=01;31:*.tbz=01;31:*.tbz2=01;31:*.tz=01;31:*.deb=01;31:*.rpm=01;31:*.jar=01;31:*.war=01;31:*.ear=01;31:*.sar=01;31:*.rar=01;31:*.alz=01;31:*.ace=01;31:*.zoo=01;31:*.cpio=01;31:*.7z=01;31:*.rz=01;31:*.cab=01;31:*.wim=01;31:*.swm=01;31:*.dwm=01;31:*.esd=01;31:*.jpg=01;35:*.jpeg=01;35:*.mjpg=01;35:*.mjpeg=01;35:*.gif=01;35:*.bmp=01;35:*.pbm=01;35:*.pgm=01;35:*.ppm=01;35:*.tga=01;35:*.xbm=01;35:*.xpm=01;35:*.tif=01;35:*.tiff=01;35:*.png=01;35:*.svg=01;35:*.svgz=01;35:*.mng=01;35:*.pcx=01;35:*.mov=01;35:*.mpg=01;35:*.mpeg=01;35:*.m2v=01;35:*.mkv=01;35:*.webm=01;35:*.webp=01;35:*.ogm=01;35:*.mp4=01;35:*.m4v=01;35:*.mp4v=01;35:*.vob=01;35:*.qt=01;35:*.nuv=01;35:*.wmv=01;35:*.asf=01;35:*.rm=01;35:*.rmvb=01;35:*.flc=01;35:*.avi=01;35:*.fli=01;35:*.flv=01;35:*.gl=01;35:*.dl=01;35:*.xcf=01;35:*.xwd=01;35:*.yuv=01;35:*.cgm=01;35:*.emf=01;35:*.ogv=01;35:*.ogx=01;35:*.aac=00;36:*.au=00;36:*.flac=00;36:*.m4a=00;36:*.mid=00;36:*.midi=00;36:*.mka=00;36:*.mp3=00;36:*.mpc=00;36:*.ogg=00;36:*.ra=00;36:*.wav=00;36:*.oga=00;36:*.opus=00;36:*.spx=00;36:*.xspf=00;36:'), ('VSCODE_GIT_IPC_HANDLE', '/run/user/1000/vscode-git-dbbed90932.sock'), ('TERM_PROGRAM', 'vscode'), ('AMENT_PREFIX_PATH', '/opt/ros/humble'), ('SHELL', '/bin/bash'), ('LESSCLOSE', '/usr/bin/lesspipe %s %s'), ('VSCODE_GIT_ASKPASS_EXTRA_ARGS', ''), ('PWD', '/home/winicon/smilebot_ws/build/my_bot'), ('LC_ALL', 'en_US.UTF-8'), ('SSH_CONNECTION', '192.168.1.66 62579 192.168.1.177 22'), ('PYTHONPATH', '/opt/ros/humble/lib/python3.10/site-packages:/opt/ros/humble/local/lib/python3.10/dist-packages'), ('COLCON', '1'), ('CMAKE_PREFIX_PATH', '/opt/ros/humble')]), 'shell': False}
[0.199230] (-) TimerEvent: {}
[0.300255] (-) TimerEvent: {}
[0.402192] (-) TimerEvent: {}
[0.483898] (serial_motor_demo_msgs) StdoutLine: {'line': b'-- Found ament_cmake: 1.3.10 (/opt/ros/humble/share/ament_cmake/cmake)\n'}
[0.488246] (diffdrive_arduino) StdoutLine: {'line': b'-- Found ament_cmake: 1.3.10 (/opt/ros/humble/share/ament_cmake/cmake)\n'}
[0.489371] (my_bot) StdoutLine: {'line': b'-- Found ament_cmake: 1.3.10 (/opt/ros/humble/share/ament_cmake/cmake)\n'}
[0.502823] (-) TimerEvent: {}
[0.603764] (-) TimerEvent: {}
[0.705179] (-) TimerEvent: {}
[0.806571] (-) TimerEvent: {}
[0.908107] (-) TimerEvent: {}
[1.010760] (-) TimerEvent: {}
[1.112106] (-) TimerEvent: {}
[1.215063] (-) TimerEvent: {}
[1.316036] (-) TimerEvent: {}
[1.417641] (-) TimerEvent: {}
[1.493113] (diffdrive_arduino) StdoutLine: {'line': b'-- Override CMake install command with custom implementation using symlinks instead of copying resources\n'}
[1.495308] (serial_motor_demo_msgs) StdoutLine: {'line': b'-- Override CMake install command with custom implementation using symlinks instead of copying resources\n'}
[1.497093] (my_bot) StdoutLine: {'line': b'-- Override CMake install command with custom implementation using symlinks instead of copying resources\n'}
[1.517798] (-) TimerEvent: {}
[1.588744] (serial_motor_demo_msgs) StdoutLine: {'line': b'-- Found ament_lint_auto: 0.12.11 (/opt/ros/humble/share/ament_lint_auto/cmake)\n'}
[1.589637] (my_bot) StdoutLine: {'line': b'-- Found ament_lint_auto: 0.12.11 (/opt/ros/humble/share/ament_lint_auto/cmake)\n'}
[1.592493] (diffdrive_arduino) StdoutLine: {'line': b'-- Found hardware_interface: 2.43.0 (/opt/ros/humble/share/hardware_interface/cmake)\n'}
[1.617979] (-) TimerEvent: {}
[1.719724] (-) TimerEvent: {}
[1.821820] (-) TimerEvent: {}
[1.923962] (-) TimerEvent: {}
[2.016861] (serial_motor_demo_msgs) StdoutLine: {'line': b'-- Found rosidl_default_generators: 1.2.0 (/opt/ros/humble/share/rosidl_default_generators/cmake)\n'}
[2.024096] (-) TimerEvent: {}
[2.025195] (diffdrive_arduino) StdoutLine: {'line': b'-- Found rosidl_generator_c: 3.1.5 (/opt/ros/humble/share/rosidl_generator_c/cmake)\n'}
[2.032135] (serial_motor_demo_msgs) StdoutLine: {'line': b'-- Using all available rosidl_typesupport_c: rosidl_typesupport_fastrtps_c;rosidl_typesupport_introspection_c\n'}
[2.054998] (diffdrive_arduino) StdoutLine: {'line': b'-- Found rosidl_adapter: 3.1.5 (/opt/ros/humble/share/rosidl_adapter/cmake)\n'}
[2.058755] (serial_motor_demo_msgs) StdoutLine: {'line': b'-- Found rosidl_adapter: 3.1.5 (/opt/ros/humble/share/rosidl_adapter/cmake)\n'}
[2.087907] (my_bot) StdoutLine: {'line': b"-- Added test 'copyright' to check source files copyright and LICENSE\n"}
[2.121042] (diffdrive_arduino) StdoutLine: {'line': b'-- Found rosidl_generator_cpp: 3.1.5 (/opt/ros/humble/share/rosidl_generator_cpp/cmake)\n'}
[2.124239] (-) TimerEvent: {}
[2.189318] (diffdrive_arduino) StdoutLine: {'line': b'-- Using all available rosidl_typesupport_c: rosidl_typesupport_fastrtps_c;rosidl_typesupport_introspection_c\n'}
[2.224579] (-) TimerEvent: {}
[2.331652] (-) TimerEvent: {}
[2.339118] (my_bot) StdoutLine: {'line': b"-- Added test 'flake8' to check Python code syntax and style conventions\n"}
[2.361620] (diffdrive_arduino) StdoutLine: {'line': b'-- Using all available rosidl_typesupport_cpp: rosidl_typesupport_fastrtps_cpp;rosidl_typesupport_introspection_cpp\n'}
[2.366620] (my_bot) StdoutLine: {'line': b"-- Added test 'lint_cmake' to check CMake code style\n"}
[2.381951] (my_bot) StdoutLine: {'line': b"-- Added test 'pep257' to check Python code against some of the docstring style conventions in PEP 257\n"}
[2.399067] (serial_motor_demo_msgs) StdoutLine: {'line': b'-- Using all available rosidl_typesupport_cpp: rosidl_typesupport_fastrtps_cpp;rosidl_typesupport_introspection_cpp\n'}
[2.431859] (-) TimerEvent: {}
[2.534171] (-) TimerEvent: {}
[2.563115] (my_bot) StdoutLine: {'line': b"-- Added test 'xmllint' to check XML markup files\n"}
[2.575430] (my_bot) StdoutLine: {'line': b'-- Configuring done\n'}
[2.634129] (my_bot) StdoutLine: {'line': b'-- Generating done\n'}
[2.634897] (-) TimerEvent: {}
[2.643729] (my_bot) StdoutLine: {'line': b'-- Build files have been written to: /home/winicon/smilebot_ws/build/my_bot\n'}
[2.735124] (-) TimerEvent: {}
[2.744600] (my_bot) CommandEnded: {'returncode': 0}
[2.839855] (-) TimerEvent: {}
[2.936664] (my_bot) JobProgress: {'identifier': 'my_bot', 'progress': 'install'}
[2.940197] (-) TimerEvent: {}
[2.985388] (my_bot) Command: {'cmd': ['/usr/bin/cmake', '--install', '/home/winicon/smilebot_ws/build/my_bot'], 'cwd': '/home/winicon/smilebot_ws/build/my_bot', 'env': OrderedDict([('LESSOPEN', '| /usr/bin/lesspipe %s'), ('LANGUAGE', 'en_GB:en'), ('WORKON_HOME', '/home/winicon/.virtualenvs'), ('USER', 'winicon'), ('SSH_CLIENT', '192.168.1.66 62579 22'), ('XDG_SESSION_TYPE', 'tty'), ('GIT_ASKPASS', '/home/winicon/.vscode-server/cli/servers/Stable-fabdb6a30b49f79a7aba0f2ad9df9b399473380f/server/extensions/git/dist/askpass.sh'), ('SHLVL', '1'), ('LD_LIBRARY_PATH', '/opt/ros/humble/opt/rviz_ogre_vendor/lib:/opt/ros/humble/lib/aarch64-linux-gnu:/opt/ros/humble/lib'), ('BROWSER', '/home/winicon/.vscode-server/cli/servers/Stable-fabdb6a30b49f79a7aba0f2ad9df9b399473380f/server/bin/helpers/browser.sh'), ('MOTD_SHOWN', 'pam'), ('HOME', '/home/winicon'), ('VIRTUALENVWRAPPER_PYTHON', '/usr/bin/python3'), ('OLDPWD', '/home/winicon/smilebot_ws/src/serial_motor_demo'), ('TERM_PROGRAM_VERSION', '1.96.2'), ('VSCODE_IPC_HOOK_CLI', '/run/user/1000/vscode-ipc-e7a4cc3d-0e85-42bb-9dc5-efc4c6779997.sock'), ('ROS_PYTHON_VERSION', '3'), ('VSCODE_GIT_ASKPASS_MAIN', '/home/winicon/.vscode-server/cli/servers/Stable-fabdb6a30b49f79a7aba0f2ad9df9b399473380f/server/extensions/git/dist/askpass-main.js'), ('VSCODE_GIT_ASKPASS_NODE', '/home/winicon/.vscode-server/cli/servers/Stable-fabdb6a30b49f79a7aba0f2ad9df9b399473380f/server/node'), ('SSL_CERT_FILE', '/usr/lib/ssl/certs/ca-certificates.crt'), ('DBUS_SESSION_BUS_ADDRESS', 'unix:path=/run/user/1000/bus'), ('COLORTERM', 'truecolor'), ('ROS_DISTRO', 'humble'), ('LOGNAME', 'winicon'), ('_', '/usr/bin/colcon'), ('ROS_VERSION', '2'), ('XDG_SESSION_CLASS', 'user'), ('TERM', 'xterm-256color'), ('XDG_SESSION_ID', '3'), ('ROS_LOCALHOST_ONLY', '0'), ('PATH', '/opt/ros/humble/bin:/home/winicon/.vscode-server/cli/servers/Stable-fabdb6a30b49f79a7aba0f2ad9df9b399473380f/server/bin/remote-cli:/usr/local/sbin:/usr/local/bin:/usr/sbin:/usr/bin:/sbin:/bin:/usr/games:/usr/local/games:/snap/bin'), ('XDG_RUNTIME_DIR', '/run/user/1000'), ('SSL_CERT_DIR', '/usr/lib/ssl/certs'), ('LANG', 'en_US.UTF-8'), ('LS_COLORS', 'rs=0:di=01;34:ln=01;36:mh=00:pi=40;33:so=01;35:do=01;35:bd=40;33;01:cd=40;33;01:or=40;31;01:mi=00:su=37;41:sg=30;43:ca=30;41:tw=30;42:ow=34;42:st=37;44:ex=01;32:*.tar=01;31:*.tgz=01;31:*.arc=01;31:*.arj=01;31:*.taz=01;31:*.lha=01;31:*.lz4=01;31:*.lzh=01;31:*.lzma=01;31:*.tlz=01;31:*.txz=01;31:*.tzo=01;31:*.t7z=01;31:*.zip=01;31:*.z=01;31:*.dz=01;31:*.gz=01;31:*.lrz=01;31:*.lz=01;31:*.lzo=01;31:*.xz=01;31:*.zst=01;31:*.tzst=01;31:*.bz2=01;31:*.bz=01;31:*.tbz=01;31:*.tbz2=01;31:*.tz=01;31:*.deb=01;31:*.rpm=01;31:*.jar=01;31:*.war=01;31:*.ear=01;31:*.sar=01;31:*.rar=01;31:*.alz=01;31:*.ace=01;31:*.zoo=01;31:*.cpio=01;31:*.7z=01;31:*.rz=01;31:*.cab=01;31:*.wim=01;31:*.swm=01;31:*.dwm=01;31:*.esd=01;31:*.jpg=01;35:*.jpeg=01;35:*.mjpg=01;35:*.mjpeg=01;35:*.gif=01;35:*.bmp=01;35:*.pbm=01;35:*.pgm=01;35:*.ppm=01;35:*.tga=01;35:*.xbm=01;35:*.xpm=01;35:*.tif=01;35:*.tiff=01;35:*.png=01;35:*.svg=01;35:*.svgz=01;35:*.mng=01;35:*.pcx=01;35:*.mov=01;35:*.mpg=01;35:*.mpeg=01;35:*.m2v=01;35:*.mkv=01;35:*.webm=01;35:*.webp=01;35:*.ogm=01;35:*.mp4=01;35:*.m4v=01;35:*.mp4v=01;35:*.vob=01;35:*.qt=01;35:*.nuv=01;35:*.wmv=01;35:*.asf=01;35:*.rm=01;35:*.rmvb=01;35:*.flc=01;35:*.avi=01;35:*.fli=01;35:*.flv=01;35:*.gl=01;35:*.dl=01;35:*.xcf=01;35:*.xwd=01;35:*.yuv=01;35:*.cgm=01;35:*.emf=01;35:*.ogv=01;35:*.ogx=01;35:*.aac=00;36:*.au=00;36:*.flac=00;36:*.m4a=00;36:*.mid=00;36:*.midi=00;36:*.mka=00;36:*.mp3=00;36:*.mpc=00;36:*.ogg=00;36:*.ra=00;36:*.wav=00;36:*.oga=00;36:*.opus=00;36:*.spx=00;36:*.xspf=00;36:'), ('VSCODE_GIT_IPC_HANDLE', '/run/user/1000/vscode-git-dbbed90932.sock'), ('TERM_PROGRAM', 'vscode'), ('AMENT_PREFIX_PATH', '/opt/ros/humble'), ('SHELL', '/bin/bash'), ('LESSCLOSE', '/usr/bin/lesspipe %s %s'), ('VSCODE_GIT_ASKPASS_EXTRA_ARGS', ''), ('PWD', '/home/winicon/smilebot_ws/build/my_bot'), ('LC_ALL', 'en_US.UTF-8'), ('SSH_CONNECTION', '192.168.1.66 62579 192.168.1.177 22'), ('PYTHONPATH', '/opt/ros/humble/lib/python3.10/site-packages:/opt/ros/humble/local/lib/python3.10/dist-packages'), ('COLCON', '1'), ('CMAKE_PREFIX_PATH', '/opt/ros/humble')]), 'shell': False}
[3.025263] (my_bot) StdoutLine: {'line': b'-- Install configuration: ""\n'}
[3.028677] (my_bot) StdoutLine: {'line': b'-- Execute custom install script\n'}
[3.032424] (my_bot) StdoutLine: {'line': b'-- Up-to-date symlink: /home/winicon/smilebot_ws/install/my_bot/share/my_bot/config/empty.yaml\n'}
[3.037867] (my_bot) StdoutLine: {'line': b'-- Up-to-date symlink: /home/winicon/smilebot_ws/install/my_bot/share/my_bot/config/my_controllers.yaml\n'}
[3.043750] (-) TimerEvent: {}
[3.046837] (my_bot) StdoutLine: {'line': b'-- Up-to-date symlink: /home/winicon/smilebot_ws/install/my_bot/share/my_bot/config/rvis_config01.rviz\n'}
[3.054450] (my_bot) StdoutLine: {'line': b'-- Up-to-date symlink: /home/winicon/smilebot_ws/install/my_bot/share/my_bot/config/rviz_config02.rviz\n'}
[3.059997] (my_bot) StdoutLine: {'line': b'-- Up-to-date symlink: /home/winicon/smilebot_ws/install/my_bot/share/my_bot/description/camera.xacro\n'}
[3.061872] (my_bot) StdoutLine: {'line': b'-- Up-to-date symlink: /home/winicon/smilebot_ws/install/my_bot/share/my_bot/description/gazebo_control.xacro\n'}
[3.063831] (my_bot) StdoutLine: {'line': b'-- Up-to-date symlink: /home/winicon/smilebot_ws/install/my_bot/share/my_bot/description/inertial_macros.xacro\n'}
[3.065655] (my_bot) StdoutLine: {'line': b'-- Up-to-date symlink: /home/winicon/smilebot_ws/install/my_bot/share/my_bot/description/lidar.xacro\n'}
[3.067382] (my_bot) StdoutLine: {'line': b'-- Up-to-date symlink: /home/winicon/smilebot_ws/install/my_bot/share/my_bot/description/robot.urdf.xacro\n'}
[3.069013] (my_bot) StdoutLine: {'line': b'-- Up-to-date symlink: /home/winicon/smilebot_ws/install/my_bot/share/my_bot/description/robot_core.xacro\n'}
[3.070703] (my_bot) StdoutLine: {'line': b'-- Up-to-date symlink: /home/winicon/smilebot_ws/install/my_bot/share/my_bot/description/ros2_control.xacro\n'}
[3.074397] (my_bot) StdoutLine: {'line': b'-- Symlinking: /home/winicon/smilebot_ws/install/my_bot/share/my_bot/launch/__pycache__/rplidar.launch.cpython-310.pyc\n'}
[3.117769] (my_bot) StdoutLine: {'line': b'-- Up-to-date symlink: /home/winicon/smilebot_ws/install/my_bot/share/my_bot/launch/launch_sim.launch.py\n'}
[3.121923] (my_bot) StdoutLine: {'line': b'-- Up-to-date symlink: /home/winicon/smilebot_ws/install/my_bot/share/my_bot/launch/launch_smilebot.launch.py\n'}
[3.125676] (my_bot) StdoutLine: {'line': b'-- Up-to-date symlink: /home/winicon/smilebot_ws/install/my_bot/share/my_bot/launch/raspberry_arduinoSerial_18082024_V2.py\n'}
[3.128315] (my_bot) StdoutLine: {'line': b'-- Up-to-date symlink: /home/winicon/smilebot_ws/install/my_bot/share/my_bot/launch/rplidar.launch.py\n'}
[3.130507] (my_bot) StdoutLine: {'line': b'-- Up-to-date symlink: /home/winicon/smilebot_ws/install/my_bot/share/my_bot/launch/rsp.launch.py\n'}
[3.132802] (my_bot) StdoutLine: {'line': b'-- Up-to-date symlink: /home/winicon/smilebot_ws/install/my_bot/share/my_bot/worlds/cafe.world\n'}
[3.135658] (my_bot) StdoutLine: {'line': b'-- Up-to-date symlink: /home/winicon/smilebot_ws/install/my_bot/share/my_bot/worlds/construction.world\n'}
[3.138416] (my_bot) StdoutLine: {'line': b'-- Up-to-date symlink: /home/winicon/smilebot_ws/install/my_bot/share/my_bot/worlds/empty.world\n'}
[3.141715] (my_bot) StdoutLine: {'line': b'-- Up-to-date symlink: /home/winicon/smilebot_ws/install/my_bot/share/my_bot/worlds/robotSpace.world\n'}
[3.145759] (-) TimerEvent: {}
[3.147633] (my_bot) StdoutLine: {'line': b'-- Up-to-date symlink: /home/winicon/smilebot_ws/install/my_bot/share/ament_index/resource_index/package_run_dependencies/my_bot\n'}
[3.150227] (my_bot) StdoutLine: {'line': b'-- Up-to-date symlink: /home/winicon/smilebot_ws/install/my_bot/share/ament_index/resource_index/parent_prefix_path/my_bot\n'}
[3.153250] (my_bot) StdoutLine: {'line': b'-- Up-to-date symlink: /home/winicon/smilebot_ws/install/my_bot/share/my_bot/environment/ament_prefix_path.sh\n'}
[3.156134] (my_bot) StdoutLine: {'line': b'-- Up-to-date symlink: /home/winicon/smilebot_ws/install/my_bot/share/my_bot/environment/ament_prefix_path.dsv\n'}
[3.159272] (my_bot) StdoutLine: {'line': b'-- Up-to-date symlink: /home/winicon/smilebot_ws/install/my_bot/share/my_bot/environment/path.sh\n'}
[3.162046] (my_bot) StdoutLine: {'line': b'-- Up-to-date symlink: /home/winicon/smilebot_ws/install/my_bot/share/my_bot/environment/path.dsv\n'}
[3.164524] (my_bot) StdoutLine: {'line': b'-- Up-to-date symlink: /home/winicon/smilebot_ws/install/my_bot/share/my_bot/local_setup.bash\n'}
[3.167127] (my_bot) StdoutLine: {'line': b'-- Up-to-date symlink: /home/winicon/smilebot_ws/install/my_bot/share/my_bot/local_setup.sh\n'}
[3.169692] (my_bot) StdoutLine: {'line': b'-- Up-to-date symlink: /home/winicon/smilebot_ws/install/my_bot/share/my_bot/local_setup.zsh\n'}
[3.171963] (my_bot) StdoutLine: {'line': b'-- Up-to-date symlink: /home/winicon/smilebot_ws/install/my_bot/share/my_bot/local_setup.dsv\n'}
[3.174144] (my_bot) StdoutLine: {'line': b'-- Symlinking: /home/winicon/smilebot_ws/install/my_bot/share/my_bot/package.dsv\n'}
[3.217070] (my_bot) StdoutLine: {'line': b'-- Up-to-date symlink: /home/winicon/smilebot_ws/install/my_bot/share/ament_index/resource_index/packages/my_bot\n'}
[3.220933] (my_bot) StdoutLine: {'line': b'-- Up-to-date symlink: /home/winicon/smilebot_ws/install/my_bot/share/my_bot/cmake/my_botConfig.cmake\n'}
[3.224465] (my_bot) StdoutLine: {'line': b'-- Up-to-date symlink: /home/winicon/smilebot_ws/install/my_bot/share/my_bot/cmake/my_botConfig-version.cmake\n'}
[3.227444] (my_bot) StdoutLine: {'line': b'-- Up-to-date symlink: /home/winicon/smilebot_ws/install/my_bot/share/my_bot/package.xml\n'}
[3.234248] (my_bot) CommandEnded: {'returncode': 0}
[3.246517] (-) TimerEvent: {}
[3.352852] (-) TimerEvent: {}
[3.458797] (-) TimerEvent: {}
[3.559686] (-) TimerEvent: {}
[3.642207] (my_bot) JobEnded: {'identifier': 'my_bot', 'rc': 0}
[3.650026] (serial) JobStarted: {'identifier': 'serial'}
[3.660036] (-) TimerEvent: {}
[3.707073] (serial) JobProgress: {'identifier': 'serial', 'progress': 'cmake'}
[3.709497] (serial) JobProgress: {'identifier': 'serial', 'progress': 'build'}
[3.711532] (serial) Command: {'cmd': ['/usr/bin/cmake', '--build', '/home/winicon/smilebot_ws/build/serial', '--', '-j4', '-l4'], 'cwd': '/home/winicon/smilebot_ws/build/serial', 'env': OrderedDict([('LESSOPEN', '| /usr/bin/lesspipe %s'), ('LANGUAGE', 'en_GB:en'), ('WORKON_HOME', '/home/winicon/.virtualenvs'), ('USER', 'winicon'), ('SSH_CLIENT', '192.168.1.66 62579 22'), ('XDG_SESSION_TYPE', 'tty'), ('GIT_ASKPASS', '/home/winicon/.vscode-server/cli/servers/Stable-fabdb6a30b49f79a7aba0f2ad9df9b399473380f/server/extensions/git/dist/askpass.sh'), ('SHLVL', '1'), ('LD_LIBRARY_PATH', '/opt/ros/humble/opt/rviz_ogre_vendor/lib:/opt/ros/humble/lib/aarch64-linux-gnu:/opt/ros/humble/lib'), ('BROWSER', '/home/winicon/.vscode-server/cli/servers/Stable-fabdb6a30b49f79a7aba0f2ad9df9b399473380f/server/bin/helpers/browser.sh'), ('MOTD_SHOWN', 'pam'), ('HOME', '/home/winicon'), ('VIRTUALENVWRAPPER_PYTHON', '/usr/bin/python3'), ('OLDPWD', '/home/winicon/smilebot_ws/src/serial_motor_demo'), ('TERM_PROGRAM_VERSION', '1.96.2'), ('VSCODE_IPC_HOOK_CLI', '/run/user/1000/vscode-ipc-e7a4cc3d-0e85-42bb-9dc5-efc4c6779997.sock'), ('ROS_PYTHON_VERSION', '3'), ('VSCODE_GIT_ASKPASS_MAIN', '/home/winicon/.vscode-server/cli/servers/Stable-fabdb6a30b49f79a7aba0f2ad9df9b399473380f/server/extensions/git/dist/askpass-main.js'), ('VSCODE_GIT_ASKPASS_NODE', '/home/winicon/.vscode-server/cli/servers/Stable-fabdb6a30b49f79a7aba0f2ad9df9b399473380f/server/node'), ('SSL_CERT_FILE', '/usr/lib/ssl/certs/ca-certificates.crt'), ('DBUS_SESSION_BUS_ADDRESS', 'unix:path=/run/user/1000/bus'), ('COLORTERM', 'truecolor'), ('ROS_DISTRO', 'humble'), ('LOGNAME', 'winicon'), ('_', '/usr/bin/colcon'), ('ROS_VERSION', '2'), ('XDG_SESSION_CLASS', 'user'), ('TERM', 'xterm-256color'), ('XDG_SESSION_ID', '3'), ('ROS_LOCALHOST_ONLY', '0'), ('PATH', '/opt/ros/humble/bin:/home/winicon/.vscode-server/cli/servers/Stable-fabdb6a30b49f79a7aba0f2ad9df9b399473380f/server/bin/remote-cli:/usr/local/sbin:/usr/local/bin:/usr/sbin:/usr/bin:/sbin:/bin:/usr/games:/usr/local/games:/snap/bin'), ('XDG_RUNTIME_DIR', '/run/user/1000'), ('SSL_CERT_DIR', '/usr/lib/ssl/certs'), ('LANG', 'en_US.UTF-8'), ('LS_COLORS', 'rs=0:di=01;34:ln=01;36:mh=00:pi=40;33:so=01;35:do=01;35:bd=40;33;01:cd=40;33;01:or=40;31;01:mi=00:su=37;41:sg=30;43:ca=30;41:tw=30;42:ow=34;42:st=37;44:ex=01;32:*.tar=01;31:*.tgz=01;31:*.arc=01;31:*.arj=01;31:*.taz=01;31:*.lha=01;31:*.lz4=01;31:*.lzh=01;31:*.lzma=01;31:*.tlz=01;31:*.txz=01;31:*.tzo=01;31:*.t7z=01;31:*.zip=01;31:*.z=01;31:*.dz=01;31:*.gz=01;31:*.lrz=01;31:*.lz=01;31:*.lzo=01;31:*.xz=01;31:*.zst=01;31:*.tzst=01;31:*.bz2=01;31:*.bz=01;31:*.tbz=01;31:*.tbz2=01;31:*.tz=01;31:*.deb=01;31:*.rpm=01;31:*.jar=01;31:*.war=01;31:*.ear=01;31:*.sar=01;31:*.rar=01;31:*.alz=01;31:*.ace=01;31:*.zoo=01;31:*.cpio=01;31:*.7z=01;31:*.rz=01;31:*.cab=01;31:*.wim=01;31:*.swm=01;31:*.dwm=01;31:*.esd=01;31:*.jpg=01;35:*.jpeg=01;35:*.mjpg=01;35:*.mjpeg=01;35:*.gif=01;35:*.bmp=01;35:*.pbm=01;35:*.pgm=01;35:*.ppm=01;35:*.tga=01;35:*.xbm=01;35:*.xpm=01;35:*.tif=01;35:*.tiff=01;35:*.png=01;35:*.svg=01;35:*.svgz=01;35:*.mng=01;35:*.pcx=01;35:*.mov=01;35:*.mpg=01;35:*.mpeg=01;35:*.m2v=01;35:*.mkv=01;35:*.webm=01;35:*.webp=01;35:*.ogm=01;35:*.mp4=01;35:*.m4v=01;35:*.mp4v=01;35:*.vob=01;35:*.qt=01;35:*.nuv=01;35:*.wmv=01;35:*.asf=01;35:*.rm=01;35:*.rmvb=01;35:*.flc=01;35:*.avi=01;35:*.fli=01;35:*.flv=01;35:*.gl=01;35:*.dl=01;35:*.xcf=01;35:*.xwd=01;35:*.yuv=01;35:*.cgm=01;35:*.emf=01;35:*.ogv=01;35:*.ogx=01;35:*.aac=00;36:*.au=00;36:*.flac=00;36:*.m4a=00;36:*.mid=00;36:*.midi=00;36:*.mka=00;36:*.mp3=00;36:*.mpc=00;36:*.ogg=00;36:*.ra=00;36:*.wav=00;36:*.oga=00;36:*.opus=00;36:*.spx=00;36:*.xspf=00;36:'), ('VSCODE_GIT_IPC_HANDLE', '/run/user/1000/vscode-git-dbbed90932.sock'), ('TERM_PROGRAM', 'vscode'), ('AMENT_PREFIX_PATH', '/opt/ros/humble'), ('SHELL', '/bin/bash'), ('LESSCLOSE', '/usr/bin/lesspipe %s %s'), ('VSCODE_GIT_ASKPASS_EXTRA_ARGS', ''), ('PWD', '/home/winicon/smilebot_ws/build/serial'), ('LC_ALL', 'en_US.UTF-8'), ('SSH_CONNECTION', '192.168.1.66 62579 192.168.1.177 22'), ('PYTHONPATH', '/opt/ros/humble/lib/python3.10/site-packages:/opt/ros/humble/local/lib/python3.10/dist-packages'), ('COLCON', '1'), ('CMAKE_PREFIX_PATH', '/opt/ros/humble')]), 'shell': False}
[3.760928] (-) TimerEvent: {}
[3.834721] (serial) StdoutLine: {'line': b'-- Found ament_cmake: 1.3.10 (/opt/ros/humble/share/ament_cmake/cmake)\n'}
[3.861099] (-) TimerEvent: {}
[3.903231] (serial_motor_demo_msgs) StdoutLine: {'line': b'-- Found ament_cmake_ros: 0.10.0 (/opt/ros/humble/share/ament_cmake_ros/cmake)\n'}
[3.961277] (-) TimerEvent: {}
[4.062070] (-) TimerEvent: {}
[4.164390] (-) TimerEvent: {}
[4.267871] (-) TimerEvent: {}
[4.314935] (diffdrive_arduino) StdoutLine: {'line': b'-- Found rmw_implementation_cmake: 6.1.2 (/opt/ros/humble/share/rmw_implementation_cmake/cmake)\n'}
[4.335431] (diffdrive_arduino) StdoutLine: {'line': b'-- Found rmw_fastrtps_cpp: 6.2.7 (/opt/ros/humble/share/rmw_fastrtps_cpp/cmake)\n'}
[4.368092] (-) TimerEvent: {}
[4.470335] (-) TimerEvent: {}
[4.536396] (diffdrive_arduino) StdoutLine: {'line': b'-- Found TinyXML2 via Config file: TinyXML2_DIR-NOTFOUND\n'}
[4.543231] (serial) StdoutLine: {'line': b'-- Override CMake install command with custom implementation using symlinks instead of copying resources\n'}
[4.570471] (-) TimerEvent: {}
[4.599031] (serial) StdoutLine: {'line': b'-- Found ament_cmake_gtest: 1.3.10 (/opt/ros/humble/share/ament_cmake_gtest/cmake)\n'}
[4.609891] (diffdrive_arduino) StdoutLine: {'line': b'-- Found TinyXML2 via Config file: TinyXML2_DIR-NOTFOUND\n'}
[4.648411] (serial) StdoutLine: {'line': b"-- Found gtest sources under '/opt/ros/humble/src/gtest_vendor': C++ tests using 'Google Test' will be built\n"}
[4.670802] (-) TimerEvent: {}
[4.727137] (diffdrive_arduino) StdoutLine: {'line': b'-- Found TinyXML2 via Config file: TinyXML2_DIR-NOTFOUND\n'}
[4.767097] (diffdrive_arduino) StdoutLine: {'line': b'-- Found TinyXML2 via Config file: TinyXML2_DIR-NOTFOUND\n'}
[4.770953] (-) TimerEvent: {}
[4.822991] (diffdrive_arduino) StdoutLine: {'line': b"-- Using RMW implementation 'rmw_fastrtps_cpp' as default\n"}
[4.871156] (-) TimerEvent: {}
[4.973248] (-) TimerEvent: {}
[5.074764] (-) TimerEvent: {}
[5.148148] (serial) StdoutLine: {'line': b'-- Configuring done\n'}
[5.175190] (-) TimerEvent: {}
[5.232760] (serial_motor_demo_msgs) StdoutLine: {'line': b'-- Using all available rosidl_typesupport_c: rosidl_typesupport_fastrtps_c;rosidl_typesupport_introspection_c\n'}
[5.245737] (serial) StdoutLine: {'line': b'-- Generating done\n'}
[5.254563] (serial) StdoutLine: {'line': b'-- Build files have been written to: /home/winicon/smilebot_ws/build/serial\n'}
[5.275400] (-) TimerEvent: {}
[5.363769] (diffdrive_arduino) StdoutLine: {'line': b'-- Found ament_cmake_gtest: 1.3.10 (/opt/ros/humble/share/ament_cmake_gtest/cmake)\n'}
[5.371429] (serial) StdoutLine: {'line': b'\x1b[35m\x1b[1mConsolidate compiler generated dependencies of target serial\x1b[0m\n'}
[5.375575] (-) TimerEvent: {}
[5.378415] (serial) StdoutLine: {'line': b'\x1b[35m\x1b[1mConsolidate compiler generated dependencies of target gtest\x1b[0m\n'}
[5.474969] (serial) StdoutLine: {'line': b'\x1b[35m\x1b[1mConsolidate compiler generated dependencies of target gtest_main\x1b[0m\n'}
[5.475564] (-) TimerEvent: {}
[5.476054] (serial) StdoutLine: {'line': b'[ 28%] Built target serial\n'}
[5.566735] (serial) StdoutLine: {'line': b'[ 42%] Built target gtest_main\n'}
[5.575892] (-) TimerEvent: {}
[5.591345] (serial) StdoutLine: {'line': b'[ 57%] Built target gtest\n'}
[5.593350] (serial) StdoutLine: {'line': b'\x1b[35m\x1b[1mConsolidate compiler generated dependencies of target serial_example\x1b[0m\n'}
[5.676051] (-) TimerEvent: {}
[5.677704] (serial) StdoutLine: {'line': b'\x1b[35m\x1b[1mConsolidate compiler generated dependencies of target serial-test\x1b[0m\n'}
[5.746198] (serial) StdoutLine: {'line': b'\x1b[35m\x1b[1mConsolidate compiler generated dependencies of target serial-test-timer\x1b[0m\n'}
[5.776273] (-) TimerEvent: {}
[5.783400] (serial) StdoutLine: {'line': b'[ 71%] Built target serial_example\n'}
[5.849092] (serial) StdoutLine: {'line': b'[ 85%] Built target serial-test-timer\n'}
[5.876478] (-) TimerEvent: {}
[5.885712] (serial) StdoutLine: {'line': b'[100%] Built target serial-test\n'}
[5.976858] (-) TimerEvent: {}
[6.035027] (serial) CommandEnded: {'returncode': 0}
[6.078910] (-) TimerEvent: {}
[6.134932] (diffdrive_arduino) StdoutLine: {'line': b'-- Configuring done\n'}
[6.179105] (-) TimerEvent: {}
[6.280075] (-) TimerEvent: {}
[6.374799] (serial) JobProgress: {'identifier': 'serial', 'progress': 'install'}
[6.379112] (serial) Command: {'cmd': ['/usr/bin/cmake', '--install', '/home/winicon/smilebot_ws/build/serial'], 'cwd': '/home/winicon/smilebot_ws/build/serial', 'env': OrderedDict([('LESSOPEN', '| /usr/bin/lesspipe %s'), ('LANGUAGE', 'en_GB:en'), ('WORKON_HOME', '/home/winicon/.virtualenvs'), ('USER', 'winicon'), ('SSH_CLIENT', '192.168.1.66 62579 22'), ('XDG_SESSION_TYPE', 'tty'), ('GIT_ASKPASS', '/home/winicon/.vscode-server/cli/servers/Stable-fabdb6a30b49f79a7aba0f2ad9df9b399473380f/server/extensions/git/dist/askpass.sh'), ('SHLVL', '1'), ('LD_LIBRARY_PATH', '/opt/ros/humble/opt/rviz_ogre_vendor/lib:/opt/ros/humble/lib/aarch64-linux-gnu:/opt/ros/humble/lib'), ('BROWSER', '/home/winicon/.vscode-server/cli/servers/Stable-fabdb6a30b49f79a7aba0f2ad9df9b399473380f/server/bin/helpers/browser.sh'), ('MOTD_SHOWN', 'pam'), ('HOME', '/home/winicon'), ('VIRTUALENVWRAPPER_PYTHON', '/usr/bin/python3'), ('OLDPWD', '/home/winicon/smilebot_ws/src/serial_motor_demo'), ('TERM_PROGRAM_VERSION', '1.96.2'), ('VSCODE_IPC_HOOK_CLI', '/run/user/1000/vscode-ipc-e7a4cc3d-0e85-42bb-9dc5-efc4c6779997.sock'), ('ROS_PYTHON_VERSION', '3'), ('VSCODE_GIT_ASKPASS_MAIN', '/home/winicon/.vscode-server/cli/servers/Stable-fabdb6a30b49f79a7aba0f2ad9df9b399473380f/server/extensions/git/dist/askpass-main.js'), ('VSCODE_GIT_ASKPASS_NODE', '/home/winicon/.vscode-server/cli/servers/Stable-fabdb6a30b49f79a7aba0f2ad9df9b399473380f/server/node'), ('SSL_CERT_FILE', '/usr/lib/ssl/certs/ca-certificates.crt'), ('DBUS_SESSION_BUS_ADDRESS', 'unix:path=/run/user/1000/bus'), ('COLORTERM', 'truecolor'), ('ROS_DISTRO', 'humble'), ('LOGNAME', 'winicon'), ('_', '/usr/bin/colcon'), ('ROS_VERSION', '2'), ('XDG_SESSION_CLASS', 'user'), ('TERM', 'xterm-256color'), ('XDG_SESSION_ID', '3'), ('ROS_LOCALHOST_ONLY', '0'), ('PATH', '/opt/ros/humble/bin:/home/winicon/.vscode-server/cli/servers/Stable-fabdb6a30b49f79a7aba0f2ad9df9b399473380f/server/bin/remote-cli:/usr/local/sbin:/usr/local/bin:/usr/sbin:/usr/bin:/sbin:/bin:/usr/games:/usr/local/games:/snap/bin'), ('XDG_RUNTIME_DIR', '/run/user/1000'), ('SSL_CERT_DIR', '/usr/lib/ssl/certs'), ('LANG', 'en_US.UTF-8'), ('LS_COLORS', 'rs=0:di=01;34:ln=01;36:mh=00:pi=40;33:so=01;35:do=01;35:bd=40;33;01:cd=40;33;01:or=40;31;01:mi=00:su=37;41:sg=30;43:ca=30;41:tw=30;42:ow=34;42:st=37;44:ex=01;32:*.tar=01;31:*.tgz=01;31:*.arc=01;31:*.arj=01;31:*.taz=01;31:*.lha=01;31:*.lz4=01;31:*.lzh=01;31:*.lzma=01;31:*.tlz=01;31:*.txz=01;31:*.tzo=01;31:*.t7z=01;31:*.zip=01;31:*.z=01;31:*.dz=01;31:*.gz=01;31:*.lrz=01;31:*.lz=01;31:*.lzo=01;31:*.xz=01;31:*.zst=01;31:*.tzst=01;31:*.bz2=01;31:*.bz=01;31:*.tbz=01;31:*.tbz2=01;31:*.tz=01;31:*.deb=01;31:*.rpm=01;31:*.jar=01;31:*.war=01;31:*.ear=01;31:*.sar=01;31:*.rar=01;31:*.alz=01;31:*.ace=01;31:*.zoo=01;31:*.cpio=01;31:*.7z=01;31:*.rz=01;31:*.cab=01;31:*.wim=01;31:*.swm=01;31:*.dwm=01;31:*.esd=01;31:*.jpg=01;35:*.jpeg=01;35:*.mjpg=01;35:*.mjpeg=01;35:*.gif=01;35:*.bmp=01;35:*.pbm=01;35:*.pgm=01;35:*.ppm=01;35:*.tga=01;35:*.xbm=01;35:*.xpm=01;35:*.tif=01;35:*.tiff=01;35:*.png=01;35:*.svg=01;35:*.svgz=01;35:*.mng=01;35:*.pcx=01;35:*.mov=01;35:*.mpg=01;35:*.mpeg=01;35:*.m2v=01;35:*.mkv=01;35:*.webm=01;35:*.webp=01;35:*.ogm=01;35:*.mp4=01;35:*.m4v=01;35:*.mp4v=01;35:*.vob=01;35:*.qt=01;35:*.nuv=01;35:*.wmv=01;35:*.asf=01;35:*.rm=01;35:*.rmvb=01;35:*.flc=01;35:*.avi=01;35:*.fli=01;35:*.flv=01;35:*.gl=01;35:*.dl=01;35:*.xcf=01;35:*.xwd=01;35:*.yuv=01;35:*.cgm=01;35:*.emf=01;35:*.ogv=01;35:*.ogx=01;35:*.aac=00;36:*.au=00;36:*.flac=00;36:*.m4a=00;36:*.mid=00;36:*.midi=00;36:*.mka=00;36:*.mp3=00;36:*.mpc=00;36:*.ogg=00;36:*.ra=00;36:*.wav=00;36:*.oga=00;36:*.opus=00;36:*.spx=00;36:*.xspf=00;36:'), ('VSCODE_GIT_IPC_HANDLE', '/run/user/1000/vscode-git-dbbed90932.sock'), ('TERM_PROGRAM', 'vscode'), ('AMENT_PREFIX_PATH', '/opt/ros/humble'), ('SHELL', '/bin/bash'), ('LESSCLOSE', '/usr/bin/lesspipe %s %s'), ('VSCODE_GIT_ASKPASS_EXTRA_ARGS', ''), ('PWD', '/home/winicon/smilebot_ws/build/serial'), ('LC_ALL', 'en_US.UTF-8'), ('SSH_CONNECTION', '192.168.1.66 62579 192.168.1.177 22'), ('PYTHONPATH', '/opt/ros/humble/lib/python3.10/site-packages:/opt/ros/humble/local/lib/python3.10/dist-packages'), ('COLCON', '1'), ('CMAKE_PREFIX_PATH', '/opt/ros/humble')]), 'shell': False}
[6.381716] (-) TimerEvent: {}
[6.412911] (serial) StdoutLine: {'line': b'-- Install configuration: ""\n'}
[6.415615] (serial) StdoutLine: {'line': b'-- Execute custom install script\n'}
[6.418427] (serial) StdoutLine: {'line': b'-- Up-to-date symlink: /home/winicon/smilebot_ws/install/serial/lib/libserial.a\n'}
[6.425728] (serial) StdoutLine: {'line': b'-- Up-to-date symlink: /home/winicon/smilebot_ws/install/serial/include/serial/serial.h\n'}
[6.428012] (serial) StdoutLine: {'line': b'-- Up-to-date symlink: /home/winicon/smilebot_ws/install/serial/include/serial/v8stdint.h\n'}
[6.430268] (serial) StdoutLine: {'line': b'-- Up-to-date symlink: /home/winicon/smilebot_ws/install/serial/share/serial/environment/library_path.sh\n'}
[6.433692] (serial) StdoutLine: {'line': b'-- Up-to-date symlink: /home/winicon/smilebot_ws/install/serial/share/serial/environment/library_path.dsv\n'}
[6.438471] (serial) StdoutLine: {'line': b'-- Up-to-date symlink: /home/winicon/smilebot_ws/install/serial/share/ament_index/resource_index/package_run_dependencies/serial\n'}
[6.443347] (serial) StdoutLine: {'line': b'-- Up-to-date symlink: /home/winicon/smilebot_ws/install/serial/share/ament_index/resource_index/parent_prefix_path/serial\n'}
[6.449236] (serial) StdoutLine: {'line': b'-- Up-to-date symlink: /home/winicon/smilebot_ws/install/serial/share/serial/environment/ament_prefix_path.sh\n'}
[6.455043] (serial) StdoutLine: {'line': b'-- Up-to-date symlink: /home/winicon/smilebot_ws/install/serial/share/serial/environment/ament_prefix_path.dsv\n'}
[6.458056] (serial) StdoutLine: {'line': b'-- Up-to-date symlink: /home/winicon/smilebot_ws/install/serial/share/serial/environment/path.sh\n'}
[6.460927] (serial) StdoutLine: {'line': b'-- Up-to-date symlink: /home/winicon/smilebot_ws/install/serial/share/serial/environment/path.dsv\n'}
[6.464168] (serial) StdoutLine: {'line': b'-- Up-to-date symlink: /home/winicon/smilebot_ws/install/serial/share/serial/local_setup.bash\n'}
[6.479321] (serial) StdoutLine: {'line': b'-- Up-to-date symlink: /home/winicon/smilebot_ws/install/serial/share/serial/local_setup.sh\n'}
[6.480356] (serial) StdoutLine: {'line': b'-- Up-to-date symlink: /home/winicon/smilebot_ws/install/serial/share/serial/local_setup.zsh\n'}
[6.481163] (serial) StdoutLine: {'line': b'-- Up-to-date symlink: /home/winicon/smilebot_ws/install/serial/share/serial/local_setup.dsv\n'}
[6.482584] (-) TimerEvent: {}
[6.512461] (serial) StdoutLine: {'line': b'-- Symlinking: /home/winicon/smilebot_ws/install/serial/share/serial/package.dsv\n'}
[6.513762] (serial) StdoutLine: {'line': b'-- Up-to-date symlink: /home/winicon/smilebot_ws/install/serial/share/ament_index/resource_index/packages/serial\n'}
[6.543292] (serial) StdoutLine: {'line': b'-- Up-to-date symlink: /home/winicon/smilebot_ws/install/serial/share/serial/cmake/ament_cmake_export_include_directories-extras.cmake\n'}
[6.544493] (serial) StdoutLine: {'line': b'-- Up-to-date symlink: /home/winicon/smilebot_ws/install/serial/share/serial/cmake/ament_cmake_export_libraries-extras.cmake\n'}
[6.545388] (serial) StdoutLine: {'line': b'-- Up-to-date symlink: /home/winicon/smilebot_ws/install/serial/share/serial/cmake/serialConfig.cmake\n'}
[6.547915] (serial) StdoutLine: {'line': b'-- Up-to-date symlink: /home/winicon/smilebot_ws/install/serial/share/serial/cmake/serialConfig-version.cmake\n'}
[6.552242] (serial) StdoutLine: {'line': b'-- Up-to-date symlink: /home/winicon/smilebot_ws/install/serial/share/serial/package.xml\n'}
[6.556227] (serial) CommandEnded: {'returncode': 0}
[6.582837] (-) TimerEvent: {}
[6.683012] (robots_nav_contr) Command: {'cmd': ['/usr/bin/python3', '-W', 'ignore:setup.py install is deprecated', 'setup.py', 'develop', '--editable', '--build-directory', '/home/winicon/smilebot_ws/build/robots_nav_contr/build', '--no-deps', 'symlink_data'], 'cwd': '/home/winicon/smilebot_ws/build/robots_nav_contr', 'env': {'LESSOPEN': '| /usr/bin/lesspipe %s', 'LANGUAGE': 'en_GB:en', 'WORKON_HOME': '/home/winicon/.virtualenvs', 'USER': 'winicon', 'SSH_CLIENT': '192.168.1.66 62579 22', 'XDG_SESSION_TYPE': 'tty', 'GIT_ASKPASS': '/home/winicon/.vscode-server/cli/servers/Stable-fabdb6a30b49f79a7aba0f2ad9df9b399473380f/server/extensions/git/dist/askpass.sh', 'SHLVL': '1', 'LD_LIBRARY_PATH': '/opt/ros/humble/opt/rviz_ogre_vendor/lib:/opt/ros/humble/lib/aarch64-linux-gnu:/opt/ros/humble/lib', 'BROWSER': '/home/winicon/.vscode-server/cli/servers/Stable-fabdb6a30b49f79a7aba0f2ad9df9b399473380f/server/bin/helpers/browser.sh', 'MOTD_SHOWN': 'pam', 'HOME': '/home/winicon', 'VIRTUALENVWRAPPER_PYTHON': '/usr/bin/python3', 'OLDPWD': '/home/winicon/smilebot_ws/src/serial_motor_demo', 'TERM_PROGRAM_VERSION': '1.96.2', 'VSCODE_IPC_HOOK_CLI': '/run/user/1000/vscode-ipc-e7a4cc3d-0e85-42bb-9dc5-efc4c6779997.sock', 'ROS_PYTHON_VERSION': '3', 'VSCODE_GIT_ASKPASS_MAIN': '/home/winicon/.vscode-server/cli/servers/Stable-fabdb6a30b49f79a7aba0f2ad9df9b399473380f/server/extensions/git/dist/askpass-main.js', 'VSCODE_GIT_ASKPASS_NODE': '/home/winicon/.vscode-server/cli/servers/Stable-fabdb6a30b49f79a7aba0f2ad9df9b399473380f/server/node', 'SSL_CERT_FILE': '/usr/lib/ssl/certs/ca-certificates.crt', 'DBUS_SESSION_BUS_ADDRESS': 'unix:path=/run/user/1000/bus', 'COLORTERM': 'truecolor', 'ROS_DISTRO': 'humble', 'LOGNAME': 'winicon', '_': '/usr/bin/colcon', 'ROS_VERSION': '2', 'XDG_SESSION_CLASS': 'user', 'TERM': 'xterm-256color', 'XDG_SESSION_ID': '3', 'ROS_LOCALHOST_ONLY': '0', 'PATH': '/opt/ros/humble/bin:/home/winicon/.vscode-server/cli/servers/Stable-fabdb6a30b49f79a7aba0f2ad9df9b399473380f/server/bin/remote-cli:/usr/local/sbin:/usr/local/bin:/usr/sbin:/usr/bin:/sbin:/bin:/usr/games:/usr/local/games:/snap/bin', 'XDG_RUNTIME_DIR': '/run/user/1000', 'SSL_CERT_DIR': '/usr/lib/ssl/certs', 'LANG': 'en_US.UTF-8', 'LS_COLORS': 'rs=0:di=01;34:ln=01;36:mh=00:pi=40;33:so=01;35:do=01;35:bd=40;33;01:cd=40;33;01:or=40;31;01:mi=00:su=37;41:sg=30;43:ca=30;41:tw=30;42:ow=34;42:st=37;44:ex=01;32:*.tar=01;31:*.tgz=01;31:*.arc=01;31:*.arj=01;31:*.taz=01;31:*.lha=01;31:*.lz4=01;31:*.lzh=01;31:*.lzma=01;31:*.tlz=01;31:*.txz=01;31:*.tzo=01;31:*.t7z=01;31:*.zip=01;31:*.z=01;31:*.dz=01;31:*.gz=01;31:*.lrz=01;31:*.lz=01;31:*.lzo=01;31:*.xz=01;31:*.zst=01;31:*.tzst=01;31:*.bz2=01;31:*.bz=01;31:*.tbz=01;31:*.tbz2=01;31:*.tz=01;31:*.deb=01;31:*.rpm=01;31:*.jar=01;31:*.war=01;31:*.ear=01;31:*.sar=01;31:*.rar=01;31:*.alz=01;31:*.ace=01;31:*.zoo=01;31:*.cpio=01;31:*.7z=01;31:*.rz=01;31:*.cab=01;31:*.wim=01;31:*.swm=01;31:*.dwm=01;31:*.esd=01;31:*.jpg=01;35:*.jpeg=01;35:*.mjpg=01;35:*.mjpeg=01;35:*.gif=01;35:*.bmp=01;35:*.pbm=01;35:*.pgm=01;35:*.ppm=01;35:*.tga=01;35:*.xbm=01;35:*.xpm=01;35:*.tif=01;35:*.tiff=01;35:*.png=01;35:*.svg=01;35:*.svgz=01;35:*.mng=01;35:*.pcx=01;35:*.mov=01;35:*.mpg=01;35:*.mpeg=01;35:*.m2v=01;35:*.mkv=01;35:*.webm=01;35:*.webp=01;35:*.ogm=01;35:*.mp4=01;35:*.m4v=01;35:*.mp4v=01;35:*.vob=01;35:*.qt=01;35:*.nuv=01;35:*.wmv=01;35:*.asf=01;35:*.rm=01;35:*.rmvb=01;35:*.flc=01;35:*.avi=01;35:*.fli=01;35:*.flv=01;35:*.gl=01;35:*.dl=01;35:*.xcf=01;35:*.xwd=01;35:*.yuv=01;35:*.cgm=01;35:*.emf=01;35:*.ogv=01;35:*.ogx=01;35:*.aac=00;36:*.au=00;36:*.flac=00;36:*.m4a=00;36:*.mid=00;36:*.midi=00;36:*.mka=00;36:*.mp3=00;36:*.mpc=00;36:*.ogg=00;36:*.ra=00;36:*.wav=00;36:*.oga=00;36:*.opus=00;36:*.spx=00;36:*.xspf=00;36:', 'VSCODE_GIT_IPC_HANDLE': '/run/user/1000/vscode-git-dbbed90932.sock', 'TERM_PROGRAM': 'vscode', 'AMENT_PREFIX_PATH': '/opt/ros/humble', 'SHELL': '/bin/bash', 'LESSCLOSE': '/usr/bin/lesspipe %s %s', 'VSCODE_GIT_ASKPASS_EXTRA_ARGS': '', 'PWD': '/home/winicon/smilebot_ws/build/robots_nav_contr', 'LC_ALL': 'en_US.UTF-8', 'SSH_CONNECTION': '192.168.1.66 62579 192.168.1.177 22', 'PYTHONPATH': '/home/winicon/smilebot_ws/build/robots_nav_contr/prefix_override:/usr/lib/python3/dist-packages/colcon_core/task/python/colcon_distutils_commands:/home/winicon/smilebot_ws/install/robots_nav_contr/lib/python3.10/site-packages:/opt/ros/humble/lib/python3.10/site-packages:/opt/ros/humble/local/lib/python3.10/dist-packages', 'COLCON': '1'}, 'shell': False}
[6.689608] (-) TimerEvent: {}
[6.791422] (-) TimerEvent: {}
[6.794122] (diffdrive_arduino) StdoutLine: {'line': b'-- Generating done\n'}
[6.808376] (diffdrive_arduino) StdoutLine: {'line': b'-- Build files have been written to: /home/winicon/smilebot_ws/build/diffdrive_arduino\n'}
[6.891613] (-) TimerEvent: {}
[6.981626] (diffdrive_arduino) StdoutLine: {'line': b'\x1b[35m\x1b[1mConsolidate compiler generated dependencies of target diffdrive_arduino\x1b[0m\n'}
[6.994808] (-) TimerEvent: {}
[7.005742] (serial) JobEnded: {'identifier': 'serial', 'rc': 0}
[7.086959] (serial_motor_demo_msgs) StdoutLine: {'line': b'-- Using all available rosidl_typesupport_cpp: rosidl_typesupport_fastrtps_cpp;rosidl_typesupport_introspection_cpp\n'}
[7.095007] (-) TimerEvent: {}
[7.195983] (-) TimerEvent: {}
[7.209362] (diffdrive_arduino) StdoutLine: {'line': b'[100%] Built target diffdrive_arduino\n'}
[7.220306] (serial_motor_demo_msgs) StdoutLine: {'line': b'-- Found python_cmake_module: 0.10.0 (/opt/ros/humble/share/python_cmake_module/cmake)\n'}
[7.295452] (diffdrive_arduino) CommandEnded: {'returncode': 0}
[7.299007] (-) TimerEvent: {}
[7.369440] (serial_motor_demo_msgs) StdoutLine: {'line': b'-- Using PYTHON_EXECUTABLE: /usr/bin/python3\n'}
[7.371966] (serial_motor_demo_msgs) StdoutLine: {'line': b'-- Using PYTHON_INCLUDE_DIRS: /usr/include/python3.10\n'}
[7.373297] (serial_motor_demo_msgs) StdoutLine: {'line': b'-- Using PYTHON_LIBRARIES: /usr/lib/aarch64-linux-gnu/libpython3.10.so\n'}
[7.399527] (-) TimerEvent: {}
[7.443689] (diffdrive_arduino) JobProgress: {'identifier': 'diffdrive_arduino', 'progress': 'install'}
[7.450324] (diffdrive_arduino) Command: {'cmd': ['/usr/bin/cmake', '--install', '/home/winicon/smilebot_ws/build/diffdrive_arduino'], 'cwd': '/home/winicon/smilebot_ws/build/diffdrive_arduino', 'env': OrderedDict([('LESSOPEN', '| /usr/bin/lesspipe %s'), ('LANGUAGE', 'en_GB:en'), ('WORKON_HOME', '/home/winicon/.virtualenvs'), ('USER', 'winicon'), ('SSH_CLIENT', '192.168.1.66 62579 22'), ('XDG_SESSION_TYPE', 'tty'), ('GIT_ASKPASS', '/home/winicon/.vscode-server/cli/servers/Stable-fabdb6a30b49f79a7aba0f2ad9df9b399473380f/server/extensions/git/dist/askpass.sh'), ('SHLVL', '1'), ('LD_LIBRARY_PATH', '/opt/ros/humble/opt/rviz_ogre_vendor/lib:/opt/ros/humble/lib/aarch64-linux-gnu:/opt/ros/humble/lib'), ('BROWSER', '/home/winicon/.vscode-server/cli/servers/Stable-fabdb6a30b49f79a7aba0f2ad9df9b399473380f/server/bin/helpers/browser.sh'), ('MOTD_SHOWN', 'pam'), ('HOME', '/home/winicon'), ('VIRTUALENVWRAPPER_PYTHON', '/usr/bin/python3'), ('OLDPWD', '/home/winicon/smilebot_ws/src/serial_motor_demo'), ('TERM_PROGRAM_VERSION', '1.96.2'), ('VSCODE_IPC_HOOK_CLI', '/run/user/1000/vscode-ipc-e7a4cc3d-0e85-42bb-9dc5-efc4c6779997.sock'), ('ROS_PYTHON_VERSION', '3'), ('VSCODE_GIT_ASKPASS_MAIN', '/home/winicon/.vscode-server/cli/servers/Stable-fabdb6a30b49f79a7aba0f2ad9df9b399473380f/server/extensions/git/dist/askpass-main.js'), ('VSCODE_GIT_ASKPASS_NODE', '/home/winicon/.vscode-server/cli/servers/Stable-fabdb6a30b49f79a7aba0f2ad9df9b399473380f/server/node'), ('SSL_CERT_FILE', '/usr/lib/ssl/certs/ca-certificates.crt'), ('DBUS_SESSION_BUS_ADDRESS', 'unix:path=/run/user/1000/bus'), ('COLORTERM', 'truecolor'), ('ROS_DISTRO', 'humble'), ('LOGNAME', 'winicon'), ('_', '/usr/bin/colcon'), ('ROS_VERSION', '2'), ('XDG_SESSION_CLASS', 'user'), ('TERM', 'xterm-256color'), ('XDG_SESSION_ID', '3'), ('ROS_LOCALHOST_ONLY', '0'), ('PATH', '/opt/ros/humble/bin:/home/winicon/.vscode-server/cli/servers/Stable-fabdb6a30b49f79a7aba0f2ad9df9b399473380f/server/bin/remote-cli:/usr/local/sbin:/usr/local/bin:/usr/sbin:/usr/bin:/sbin:/bin:/usr/games:/usr/local/games:/snap/bin'), ('XDG_RUNTIME_DIR', '/run/user/1000'), ('SSL_CERT_DIR', '/usr/lib/ssl/certs'), ('LANG', 'en_US.UTF-8'), ('LS_COLORS', 'rs=0:di=01;34:ln=01;36:mh=00:pi=40;33:so=01;35:do=01;35:bd=40;33;01:cd=40;33;01:or=40;31;01:mi=00:su=37;41:sg=30;43:ca=30;41:tw=30;42:ow=34;42:st=37;44:ex=01;32:*.tar=01;31:*.tgz=01;31:*.arc=01;31:*.arj=01;31:*.taz=01;31:*.lha=01;31:*.lz4=01;31:*.lzh=01;31:*.lzma=01;31:*.tlz=01;31:*.txz=01;31:*.tzo=01;31:*.t7z=01;31:*.zip=01;31:*.z=01;31:*.dz=01;31:*.gz=01;31:*.lrz=01;31:*.lz=01;31:*.lzo=01;31:*.xz=01;31:*.zst=01;31:*.tzst=01;31:*.bz2=01;31:*.bz=01;31:*.tbz=01;31:*.tbz2=01;31:*.tz=01;31:*.deb=01;31:*.rpm=01;31:*.jar=01;31:*.war=01;31:*.ear=01;31:*.sar=01;31:*.rar=01;31:*.alz=01;31:*.ace=01;31:*.zoo=01;31:*.cpio=01;31:*.7z=01;31:*.rz=01;31:*.cab=01;31:*.wim=01;31:*.swm=01;31:*.dwm=01;31:*.esd=01;31:*.jpg=01;35:*.jpeg=01;35:*.mjpg=01;35:*.mjpeg=01;35:*.gif=01;35:*.bmp=01;35:*.pbm=01;35:*.pgm=01;35:*.ppm=01;35:*.tga=01;35:*.xbm=01;35:*.xpm=01;35:*.tif=01;35:*.tiff=01;35:*.png=01;35:*.svg=01;35:*.svgz=01;35:*.mng=01;35:*.pcx=01;35:*.mov=01;35:*.mpg=01;35:*.mpeg=01;35:*.m2v=01;35:*.mkv=01;35:*.webm=01;35:*.webp=01;35:*.ogm=01;35:*.mp4=01;35:*.m4v=01;35:*.mp4v=01;35:*.vob=01;35:*.qt=01;35:*.nuv=01;35:*.wmv=01;35:*.asf=01;35:*.rm=01;35:*.rmvb=01;35:*.flc=01;35:*.avi=01;35:*.fli=01;35:*.flv=01;35:*.gl=01;35:*.dl=01;35:*.xcf=01;35:*.xwd=01;35:*.yuv=01;35:*.cgm=01;35:*.emf=01;35:*.ogv=01;35:*.ogx=01;35:*.aac=00;36:*.au=00;36:*.flac=00;36:*.m4a=00;36:*.mid=00;36:*.midi=00;36:*.mka=00;36:*.mp3=00;36:*.mpc=00;36:*.ogg=00;36:*.ra=00;36:*.wav=00;36:*.oga=00;36:*.opus=00;36:*.spx=00;36:*.xspf=00;36:'), ('VSCODE_GIT_IPC_HANDLE', '/run/user/1000/vscode-git-dbbed90932.sock'), ('TERM_PROGRAM', 'vscode'), ('AMENT_PREFIX_PATH', '/opt/ros/humble'), ('SHELL', '/bin/bash'), ('LESSCLOSE', '/usr/bin/lesspipe %s %s'), ('VSCODE_GIT_ASKPASS_EXTRA_ARGS', ''), ('PWD', '/home/winicon/smilebot_ws/build/diffdrive_arduino'), ('LC_ALL', 'en_US.UTF-8'), ('SSH_CONNECTION', '192.168.1.66 62579 192.168.1.177 22'), ('PYTHONPATH', '/opt/ros/humble/lib/python3.10/site-packages:/opt/ros/humble/local/lib/python3.10/dist-packages'), ('COLCON', '1'), ('CMAKE_PREFIX_PATH', '/opt/ros/humble')]), 'shell': False}
[7.461141] (serial_motor_demo_msgs) StdoutLine: {'line': b"-- Added test 'copyright' to check source files copyright and LICENSE\n"}
[7.475799] (serial_motor_demo_msgs) StdoutLine: {'line': b"-- Added test 'lint_cmake' to check CMake code style\n"}
[7.484039] (serial_motor_demo_msgs) StdoutLine: {'line': b"-- Added test 'xmllint' to check XML markup files\n"}
[7.487572] (diffdrive_arduino) StdoutLine: {'line': b'-- Install configuration: ""\n'}
[7.491651] (diffdrive_arduino) StdoutLine: {'line': b'-- Execute custom install script\n'}
[7.492144] (diffdrive_arduino) StdoutLine: {'line': b'-- Up-to-date symlink: /home/winicon/smilebot_ws/install/diffdrive_arduino/share/diffdrive_arduino//diffdrive_arduino.xml\n'}
[7.494794] (diffdrive_arduino) StdoutLine: {'line': b'-- Up-to-date symlink: /home/winicon/smilebot_ws/install/diffdrive_arduino/include/diffdrive_arduino/diffdrive_arduino/arduino_comms.hpp\n'}
[7.495336] (diffdrive_arduino) StdoutLine: {'line': b'-- Up-to-date symlink: /home/winicon/smilebot_ws/install/diffdrive_arduino/include/diffdrive_arduino/diffdrive_arduino/diffbot_system.hpp\n'}
[7.497233] (diffdrive_arduino) StdoutLine: {'line': b'-- Up-to-date symlink: /home/winicon/smilebot_ws/install/diffdrive_arduino/include/diffdrive_arduino/diffdrive_arduino/visibility_control.h\n'}
[7.498888] (diffdrive_arduino) StdoutLine: {'line': b'-- Up-to-date symlink: /home/winicon/smilebot_ws/install/diffdrive_arduino/include/diffdrive_arduino/diffdrive_arduino/wheel.hpp\n'}
[7.499639] (-) TimerEvent: {}
[7.501647] (diffdrive_arduino) StdoutLine: {'line': b'-- Up-to-date symlink: /home/winicon/smilebot_ws/install/diffdrive_arduino/share/diffdrive_arduino/launch/view_robot.launch.py\n'}
[7.504509] (diffdrive_arduino) StdoutLine: {'line': b'-- Up-to-date symlink: /home/winicon/smilebot_ws/install/diffdrive_arduino/share/diffdrive_arduino/ros2_control/diffbot.ros2_control.xacro\n'}
[7.505990] (diffdrive_arduino) StdoutLine: {'line': b'-- Up-to-date symlink: /home/winicon/smilebot_ws/install/diffdrive_arduino/share/diffdrive_arduino/urdf/camera.xacro\n'}
[7.510771] (diffdrive_arduino) StdoutLine: {'line': b'-- Up-to-date symlink: /home/winicon/smilebot_ws/install/diffdrive_arduino/share/diffdrive_arduino/urdf/diffbot.materials.xacro\n'}
[7.514493] (diffdrive_arduino) StdoutLine: {'line': b'-- Up-to-date symlink: /home/winicon/smilebot_ws/install/diffdrive_arduino/share/diffdrive_arduino/urdf/diffbot.urdf.xacro\n'}
[7.515282] (diffdrive_arduino) StdoutLine: {'line': b'-- Up-to-date symlink: /home/winicon/smilebot_ws/install/diffdrive_arduino/share/diffdrive_arduino/urdf/diffbot_description.urdf.xacro\n'}
[7.515790] (diffdrive_arduino) StdoutLine: {'line': b'-- Up-to-date symlink: /home/winicon/smilebot_ws/install/diffdrive_arduino/share/diffdrive_arduino/urdf/inertial_macros.xacro\n'}
[7.516237] (diffdrive_arduino) StdoutLine: {'line': b'-- Up-to-date symlink: /home/winicon/smilebot_ws/install/diffdrive_arduino/share/diffdrive_arduino/urdf/lidar.xacro\n'}
[7.525935] (diffdrive_arduino) StdoutLine: {'line': b'-- Up-to-date symlink: /home/winicon/smilebot_ws/install/diffdrive_arduino/share/diffdrive_arduino/urdf/lidar_2.xacro\n'}
[7.529802] (diffdrive_arduino) StdoutLine: {'line': b'-- Up-to-date symlink: /home/winicon/smilebot_ws/install/diffdrive_arduino/share/diffdrive_arduino/urdf/ros2_control.xacro\n'}
[7.532012] (diffdrive_arduino) StdoutLine: {'line': b'-- Up-to-date symlink: /home/winicon/smilebot_ws/install/diffdrive_arduino/share/diffdrive_arduino/rviz/diffbot.rviz\n'}
[7.533967] (diffdrive_arduino) StdoutLine: {'line': b'-- Up-to-date symlink: /home/winicon/smilebot_ws/install/diffdrive_arduino/share/diffdrive_arduino/rviz/diffbot_view.rviz\n'}
[7.536115] (diffdrive_arduino) StdoutLine: {'line': b'-- Up-to-date symlink: /home/winicon/smilebot_ws/install/diffdrive_arduino/share/diffdrive_arduino/launch/diffbot.launch.py\n'}
[7.538233] (diffdrive_arduino) StdoutLine: {'line': b'-- Up-to-date symlink: /home/winicon/smilebot_ws/install/diffdrive_arduino/share/diffdrive_arduino/config/diffbot_controllers.yaml\n'}
[7.540820] (diffdrive_arduino) StdoutLine: {'line': b'-- Up-to-date symlink: /home/winicon/smilebot_ws/install/diffdrive_arduino/share/diffdrive_arduino/environment/library_path.sh\n'}
[7.542954] (diffdrive_arduino) StdoutLine: {'line': b'-- Up-to-date symlink: /home/winicon/smilebot_ws/install/diffdrive_arduino/share/diffdrive_arduino/environment/library_path.dsv\n'}
[7.544819] (serial_motor_demo_msgs) StdoutLine: {'line': b'-- Configuring done\n'}
[7.546757] (diffdrive_arduino) StdoutLine: {'line': b'-- Up-to-date symlink: /home/winicon/smilebot_ws/install/diffdrive_arduino/share/ament_index/resource_index/package_run_dependencies/diffdrive_arduino\n'}
[7.548900] (diffdrive_arduino) StdoutLine: {'line': b'-- Up-to-date symlink: /home/winicon/smilebot_ws/install/diffdrive_arduino/share/ament_index/resource_index/parent_prefix_path/diffdrive_arduino\n'}
[7.551123] (diffdrive_arduino) StdoutLine: {'line': b'-- Up-to-date symlink: /home/winicon/smilebot_ws/install/diffdrive_arduino/share/diffdrive_arduino/environment/ament_prefix_path.sh\n'}
[7.553317] (diffdrive_arduino) StdoutLine: {'line': b'-- Up-to-date symlink: /home/winicon/smilebot_ws/install/diffdrive_arduino/share/diffdrive_arduino/environment/ament_prefix_path.dsv\n'}
[7.555656] (diffdrive_arduino) StdoutLine: {'line': b'-- Up-to-date symlink: /home/winicon/smilebot_ws/install/diffdrive_arduino/share/diffdrive_arduino/environment/path.sh\n'}
[7.557898] (diffdrive_arduino) StdoutLine: {'line': b'-- Up-to-date symlink: /home/winicon/smilebot_ws/install/diffdrive_arduino/share/diffdrive_arduino/environment/path.dsv\n'}
[7.560355] (diffdrive_arduino) StdoutLine: {'line': b'-- Up-to-date symlink: /home/winicon/smilebot_ws/install/diffdrive_arduino/share/diffdrive_arduino/local_setup.bash\n'}
[7.562687] (diffdrive_arduino) StdoutLine: {'line': b'-- Up-to-date symlink: /home/winicon/smilebot_ws/install/diffdrive_arduino/share/diffdrive_arduino/local_setup.sh\n'}
[7.565130] (diffdrive_arduino) StdoutLine: {'line': b'-- Up-to-date symlink: /home/winicon/smilebot_ws/install/diffdrive_arduino/share/diffdrive_arduino/local_setup.zsh\n'}
[7.567681] (diffdrive_arduino) StdoutLine: {'line': b'-- Up-to-date symlink: /home/winicon/smilebot_ws/install/diffdrive_arduino/share/diffdrive_arduino/local_setup.dsv\n'}
[7.569951] (diffdrive_arduino) StdoutLine: {'line': b'-- Symlinking: /home/winicon/smilebot_ws/install/diffdrive_arduino/share/diffdrive_arduino/package.dsv\n'}
[7.580286] (diffdrive_arduino) StdoutLine: {'line': b'-- Up-to-date symlink: /home/winicon/smilebot_ws/install/diffdrive_arduino/share/ament_index/resource_index/packages/diffdrive_arduino\n'}
[7.585548] (diffdrive_arduino) StdoutLine: {'line': b'-- Up-to-date symlink: /home/winicon/smilebot_ws/install/diffdrive_arduino/share/ament_index/resource_index/hardware_interface__pluginlib__plugin/diffdrive_arduino\n'}
[7.586227] (diffdrive_arduino) StdoutLine: {'line': b'-- Up-to-date symlink: /home/winicon/smilebot_ws/install/diffdrive_arduino/share/diffdrive_arduino/cmake/ament_cmake_export_targets-extras.cmake\n'}
[7.586866] (diffdrive_arduino) StdoutLine: {'line': b'-- Up-to-date symlink: /home/winicon/smilebot_ws/install/diffdrive_arduino/share/diffdrive_arduino/cmake/ament_cmake_export_dependencies-extras.cmake\n'}
[7.593208] (diffdrive_arduino) StdoutLine: {'line': b'-- Up-to-date symlink: /home/winicon/smilebot_ws/install/diffdrive_arduino/share/diffdrive_arduino/cmake/diffdrive_arduinoConfig.cmake\n'}
[7.593871] (diffdrive_arduino) StdoutLine: {'line': b'-- Up-to-date symlink: /home/winicon/smilebot_ws/install/diffdrive_arduino/share/diffdrive_arduino/cmake/diffdrive_arduinoConfig-version.cmake\n'}
[7.594408] (diffdrive_arduino) StdoutLine: {'line': b'-- Up-to-date symlink: /home/winicon/smilebot_ws/install/diffdrive_arduino/share/diffdrive_arduino/package.xml\n'}
[7.602030] (diffdrive_arduino) StdoutLine: {'line': b'-- Up-to-date: /home/winicon/smilebot_ws/install/diffdrive_arduino/lib/libdiffdrive_arduino.so\n'}
[7.602611] (-) TimerEvent: {}
[7.604584] (diffdrive_arduino) StdoutLine: {'line': b'-- Up-to-date: /home/winicon/smilebot_ws/install/diffdrive_arduino/share/diffdrive_arduino/cmake/export_diffdrive_arduinoExport.cmake\n'}
[7.606869] (diffdrive_arduino) StdoutLine: {'line': b'-- Up-to-date: /home/winicon/smilebot_ws/install/diffdrive_arduino/share/diffdrive_arduino/cmake/export_diffdrive_arduinoExport-noconfig.cmake\n'}
[7.624636] (diffdrive_arduino) CommandEnded: {'returncode': 0}
[7.702807] (-) TimerEvent: {}
[7.798868] (serial_motor_demo_msgs) StdoutLine: {'line': b'-- Generating done\n'}
[7.806790] (-) TimerEvent: {}
[7.826911] (serial_motor_demo_msgs) StdoutLine: {'line': b'-- Build files have been written to: /home/winicon/smilebot_ws/build/serial_motor_demo_msgs\n'}
[7.907679] (-) TimerEvent: {}
[8.008545] (-) TimerEvent: {}
[8.115705] (-) TimerEvent: {}
[8.167623] (diffdrive_arduino) JobEnded: {'identifier': 'diffdrive_arduino', 'rc': 0}
[8.194686] (serial_motor_demo_msgs) StdoutLine: {'line': b'[  0%] Built target ament_cmake_python_symlink_serial_motor_demo_msgs\n'}
[8.216023] (-) TimerEvent: {}
[8.318544] (-) TimerEvent: {}
[8.425259] (-) TimerEvent: {}
[8.427161] (serial_motor_demo_msgs) StdoutLine: {'line': b'\x1b[35m\x1b[1mConsolidate compiler generated dependencies of target serial_motor_demo_msgs__rosidl_generator_c\x1b[0m\n'}
[8.453607] (serial_motor_demo_msgs) StdoutLine: {'line': b'[  2%] Built target serial_motor_demo_msgs__cpp\n'}
[8.494988] (serial_motor_demo_msgs) StdoutLine: {'line': b'[  4%] \x1b[32mBuilding C object CMakeFiles/serial_motor_demo_msgs__rosidl_generator_c.dir/rosidl_generator_c/serial_motor_demo_msgs/msg/detail/motor_vels__functions.c.o\x1b[0m\n'}
[8.508315] (serial_motor_demo_msgs) StdoutLine: {'line': b'[  6%] \x1b[32mBuilding C object CMakeFiles/serial_motor_demo_msgs__rosidl_generator_c.dir/rosidl_generator_c/serial_motor_demo_msgs/msg/detail/motor_command__functions.c.o\x1b[0m\n'}
[8.525469] (-) TimerEvent: {}
[8.541085] (serial_motor_demo_msgs) StdoutLine: {'line': b'\x1b[35m\x1b[1mConsolidate compiler generated dependencies of target serial_motor_demo_msgs__rosidl_typesupport_fastrtps_cpp\x1b[0m\n'}
[8.630820] (-) TimerEvent: {}
[8.731682] (-) TimerEvent: {}
[8.740451] (serial_motor_demo_msgs) StdoutLine: {'line': b'[  8%] \x1b[32mBuilding CXX object CMakeFiles/serial_motor_demo_msgs__rosidl_typesupport_fastrtps_cpp.dir/rosidl_typesupport_fastrtps_cpp/serial_motor_demo_msgs/msg/detail/dds_fastrtps/motor_command__type_support.cpp.o\x1b[0m\n'}
[8.832493] (-) TimerEvent: {}
[8.933341] (-) TimerEvent: {}
[9.048674] (-) TimerEvent: {}
[9.118767] (robots_nav_contr) StdoutLine: {'line': b'running develop\n'}
[9.148877] (-) TimerEvent: {}
[9.180980] (robots_nav_contr) StderrLine: {'line': b'/usr/lib/python3/dist-packages/setuptools/command/easy_install.py:158: EasyInstallDeprecationWarning: easy_install command is deprecated. Use build and pip and other standards-based tools.\n'}
[9.181850] (robots_nav_contr) StderrLine: {'line': b'  warnings.warn(\n'}
[9.249127] (-) TimerEvent: {}
[9.352256] (-) TimerEvent: {}
[9.454563] (-) TimerEvent: {}
[9.557117] (-) TimerEvent: {}
[9.659315] (-) TimerEvent: {}
[9.761266] (-) TimerEvent: {}
[9.863478] (-) TimerEvent: {}
[9.965688] (-) TimerEvent: {}
[10.068230] (-) TimerEvent: {}
[10.170360] (-) TimerEvent: {}
[10.217375] (serial_motor_demo_msgs) StdoutLine: {'line': b'running egg_info\n'}
[10.222461] (serial_motor_demo_msgs) StdoutLine: {'line': b'writing serial_motor_demo_msgs.egg-info/PKG-INFO\n'}
[10.225689] (serial_motor_demo_msgs) StdoutLine: {'line': b'writing dependency_links to serial_motor_demo_msgs.egg-info/dependency_links.txt\n'}
[10.227961] (serial_motor_demo_msgs) StdoutLine: {'line': b'writing top-level names to serial_motor_demo_msgs.egg-info/top_level.txt\n'}
[10.270570] (-) TimerEvent: {}
[10.372237] (-) TimerEvent: {}
[10.421707] (serial_motor_demo_msgs) StdoutLine: {'line': b"reading manifest file 'serial_motor_demo_msgs.egg-info/SOURCES.txt'\n"}
[10.427516] (serial_motor_demo_msgs) StdoutLine: {'line': b"writing manifest file 'serial_motor_demo_msgs.egg-info/SOURCES.txt'\n"}
[10.472486] (-) TimerEvent: {}
[10.574464] (-) TimerEvent: {}
[10.635752] (serial_motor_demo_msgs) StdoutLine: {'line': b'[  8%] Built target ament_cmake_python_build_serial_motor_demo_msgs_egg\n'}
[10.674846] (-) TimerEvent: {}
[10.730997] (robots_nav_contr) StdoutLine: {'line': b'running egg_info\n'}
[10.731804] (robots_nav_contr) StdoutLine: {'line': b'writing robots_nav_contr.egg-info/PKG-INFO\n'}
[10.732491] (robots_nav_contr) StdoutLine: {'line': b'writing dependency_links to robots_nav_contr.egg-info/dependency_links.txt\n'}
[10.733579] (robots_nav_contr) StdoutLine: {'line': b'writing entry points to robots_nav_contr.egg-info/entry_points.txt\n'}
[10.734166] (robots_nav_contr) StdoutLine: {'line': b'writing requirements to robots_nav_contr.egg-info/requires.txt\n'}
[10.739348] (robots_nav_contr) StdoutLine: {'line': b'writing top-level names to robots_nav_contr.egg-info/top_level.txt\n'}
[10.752509] (robots_nav_contr) StdoutLine: {'line': b"reading manifest file 'robots_nav_contr.egg-info/SOURCES.txt'\n"}
[10.756942] (robots_nav_contr) StdoutLine: {'line': b"writing manifest file 'robots_nav_contr.egg-info/SOURCES.txt'\n"}
[10.764684] (robots_nav_contr) StdoutLine: {'line': b'running build_ext\n'}
[10.767740] (robots_nav_contr) StdoutLine: {'line': b'Creating /home/winicon/smilebot_ws/install/robots_nav_contr/lib/python3.10/site-packages/robots-nav-contr.egg-link (link to .)\n'}
[10.774256] (robots_nav_contr) StdoutLine: {'line': b'Installing robot_command_receiver script to /home/winicon/smilebot_ws/install/robots_nav_contr/lib/robots_nav_contr\n'}
[10.775189] (-) TimerEvent: {}
[10.776177] (robots_nav_contr) StdoutLine: {'line': b'Installing robots_nav_controller script to /home/winicon/smilebot_ws/install/robots_nav_contr/lib/robots_nav_contr\n'}
[10.777239] (robots_nav_contr) StdoutLine: {'line': b'Installing robots_serial_commands script to /home/winicon/smilebot_ws/install/robots_nav_contr/lib/robots_nav_contr\n'}
[10.782025] (robots_nav_contr) StdoutLine: {'line': b'\n'}
[10.783622] (robots_nav_contr) StdoutLine: {'line': b'Installed /home/winicon/smilebot_ws/build/robots_nav_contr\n'}
[10.795500] (robots_nav_contr) StdoutLine: {'line': b'running symlink_data\n'}
[10.806912] (serial_motor_demo_msgs) StdoutLine: {'line': b'\x1b[35m\x1b[1mConsolidate compiler generated dependencies of target serial_motor_demo_msgs__rosidl_typesupport_introspection_cpp\x1b[0m\n'}
[10.875486] (-) TimerEvent: {}
[10.976473] (-) TimerEvent: {}
[10.985033] (robots_nav_contr) CommandEnded: {'returncode': 0}
[11.014340] (serial_motor_demo_msgs) StdoutLine: {'line': b'[ 10%] \x1b[32mBuilding CXX object CMakeFiles/serial_motor_demo_msgs__rosidl_typesupport_introspection_cpp.dir/rosidl_typesupport_introspection_cpp/serial_motor_demo_msgs/msg/detail/motor_command__type_support.cpp.o\x1b[0m\n'}
[11.076699] (-) TimerEvent: {}
[11.161784] (robots_nav_contr) JobEnded: {'identifier': 'robots_nav_contr', 'rc': 0}
[11.176924] (-) TimerEvent: {}
[11.278247] (-) TimerEvent: {}
[11.379326] (-) TimerEvent: {}
[11.480128] (-) TimerEvent: {}
[11.580986] (-) TimerEvent: {}
[11.681909] (-) TimerEvent: {}
[11.784632] (-) TimerEvent: {}
[11.890840] (-) TimerEvent: {}
[11.902324] (serial_motor_demo_msgs) StdoutLine: {'line': b'[ 12%] \x1b[32mBuilding C object CMakeFiles/serial_motor_demo_msgs__rosidl_generator_c.dir/rosidl_generator_c/serial_motor_demo_msgs/msg/detail/encoder_vals__functions.c.o\x1b[0m\n'}
[11.910989] (serial_motor_demo_msgs) StdoutLine: {'line': b'[ 14%] \x1b[32mBuilding CXX object CMakeFiles/serial_motor_demo_msgs__rosidl_typesupport_introspection_cpp.dir/rosidl_typesupport_introspection_cpp/serial_motor_demo_msgs/msg/detail/motor_vels__type_support.cpp.o\x1b[0m\n'}
[11.994841] (-) TimerEvent: {}
[12.095807] (-) TimerEvent: {}
[12.196999] (-) TimerEvent: {}
[12.256888] (serial_motor_demo_msgs) StdoutLine: {'line': b'[ 17%] \x1b[32m\x1b[1mLinking C shared library libserial_motor_demo_msgs__rosidl_generator_c.so\x1b[0m\n'}
[12.297225] (-) TimerEvent: {}
[12.399472] (-) TimerEvent: {}
[12.500326] (-) TimerEvent: {}
[12.602529] (-) TimerEvent: {}
[12.710921] (-) TimerEvent: {}
[12.822944] (-) TimerEvent: {}
[12.929462] (-) TimerEvent: {}
[13.030570] (-) TimerEvent: {}
[13.041621] (serial_motor_demo_msgs) StdoutLine: {'line': b'[ 19%] Built target serial_motor_demo_msgs__rosidl_generator_c\n'}
[13.130828] (-) TimerEvent: {}
[13.218297] (serial_motor_demo_msgs) StdoutLine: {'line': b'\x1b[35m\x1b[1mConsolidate compiler generated dependencies of target serial_motor_demo_msgs__rosidl_typesupport_cpp\x1b[0m\n'}
[13.231048] (-) TimerEvent: {}
[13.333340] (-) TimerEvent: {}
[13.435402] (-) TimerEvent: {}
[13.457570] (serial_motor_demo_msgs) StdoutLine: {'line': b'[ 21%] \x1b[32mBuilding CXX object CMakeFiles/serial_motor_demo_msgs__rosidl_typesupport_cpp.dir/rosidl_typesupport_cpp/serial_motor_demo_msgs/msg/motor_command__type_support.cpp.o\x1b[0m\n'}
[13.535657] (-) TimerEvent: {}
[13.637078] (-) TimerEvent: {}
[13.739691] (-) TimerEvent: {}
[13.842006] (-) TimerEvent: {}
[13.944801] (-) TimerEvent: {}
[14.058841] (-) TimerEvent: {}
[14.160396] (-) TimerEvent: {}
[14.261635] (-) TimerEvent: {}
[14.362760] (-) TimerEvent: {}
[14.465889] (-) TimerEvent: {}
[14.568009] (-) TimerEvent: {}
[14.670850] (-) TimerEvent: {}
[14.774842] (-) TimerEvent: {}
[14.878891] (-) TimerEvent: {}
[14.979994] (-) TimerEvent: {}
[15.087622] (-) TimerEvent: {}
[15.188645] (-) TimerEvent: {}
[15.289968] (-) TimerEvent: {}
[15.391059] (-) TimerEvent: {}
[15.492162] (-) TimerEvent: {}
[15.593408] (-) TimerEvent: {}
[15.694534] (-) TimerEvent: {}
[15.795923] (-) TimerEvent: {}
[15.896854] (-) TimerEvent: {}
[15.998848] (-) TimerEvent: {}
[16.099858] (-) TimerEvent: {}
[16.156003] (serial_motor_demo_msgs) StdoutLine: {'line': b'[ 23%] \x1b[32mBuilding CXX object CMakeFiles/serial_motor_demo_msgs__rosidl_typesupport_fastrtps_cpp.dir/rosidl_typesupport_fastrtps_cpp/serial_motor_demo_msgs/msg/detail/dds_fastrtps/motor_vels__type_support.cpp.o\x1b[0m\n'}
[16.195950] (serial_motor_demo_msgs) StdoutLine: {'line': b'[ 25%] \x1b[32mBuilding CXX object CMakeFiles/serial_motor_demo_msgs__rosidl_typesupport_introspection_cpp.dir/rosidl_typesupport_introspection_cpp/serial_motor_demo_msgs/msg/detail/encoder_vals__type_support.cpp.o\x1b[0m\n'}
[16.201508] (-) TimerEvent: {}
[16.302828] (-) TimerEvent: {}
[16.406841] (-) TimerEvent: {}
[16.507958] (-) TimerEvent: {}
[16.609672] (-) TimerEvent: {}
[16.711235] (-) TimerEvent: {}
[16.813793] (-) TimerEvent: {}
[16.914923] (-) TimerEvent: {}
[16.973285] (serial_motor_demo_msgs) StdoutLine: {'line': b'[ 27%] \x1b[32mBuilding CXX object CMakeFiles/serial_motor_demo_msgs__rosidl_typesupport_cpp.dir/rosidl_typesupport_cpp/serial_motor_demo_msgs/msg/motor_vels__type_support.cpp.o\x1b[0m\n'}
[17.015164] (-) TimerEvent: {}
[17.117564] (-) TimerEvent: {}
[17.144405] (serial_motor_demo_msgs) StdoutLine: {'line': b'[ 29%] \x1b[32mBuilding CXX object CMakeFiles/serial_motor_demo_msgs__rosidl_typesupport_cpp.dir/rosidl_typesupport_cpp/serial_motor_demo_msgs/msg/encoder_vals__type_support.cpp.o\x1b[0m\n'}
[17.217781] (-) TimerEvent: {}
[17.323262] (-) TimerEvent: {}
[17.425159] (-) TimerEvent: {}
[17.530241] (-) TimerEvent: {}
[17.631252] (-) TimerEvent: {}
[17.733526] (-) TimerEvent: {}
[17.834512] (-) TimerEvent: {}
[17.935627] (-) TimerEvent: {}
[18.036664] (-) TimerEvent: {}
[18.137989] (-) TimerEvent: {}
[18.239194] (-) TimerEvent: {}
[18.340280] (-) TimerEvent: {}
[18.443153] (-) TimerEvent: {}
[18.545574] (-) TimerEvent: {}
[18.648059] (-) TimerEvent: {}
[18.750318] (-) TimerEvent: {}
[18.852711] (-) TimerEvent: {}
[18.955075] (-) TimerEvent: {}
[19.063396] (-) TimerEvent: {}
[19.166119] (-) TimerEvent: {}
[19.269836] (-) TimerEvent: {}
[19.313986] (serial_motor_demo_msgs) StdoutLine: {'line': b'[ 31%] \x1b[32mBuilding CXX object CMakeFiles/serial_motor_demo_msgs__rosidl_typesupport_fastrtps_cpp.dir/rosidl_typesupport_fastrtps_cpp/serial_motor_demo_msgs/msg/detail/dds_fastrtps/encoder_vals__type_support.cpp.o\x1b[0m\n'}
[19.370121] (-) TimerEvent: {}
[19.472927] (-) TimerEvent: {}
[19.575843] (-) TimerEvent: {}
[19.678722] (-) TimerEvent: {}
[19.781115] (-) TimerEvent: {}
[19.885961] (-) TimerEvent: {}
[19.988872] (-) TimerEvent: {}
[20.008127] (serial_motor_demo_msgs) StdoutLine: {'line': b'[ 34%] \x1b[32m\x1b[1mLinking CXX shared library libserial_motor_demo_msgs__rosidl_typesupport_cpp.so\x1b[0m\n'}
[20.089120] (-) TimerEvent: {}
[20.097275] (serial_motor_demo_msgs) StdoutLine: {'line': b'\x1b[35m\x1b[1mConsolidate compiler generated dependencies of target serial_motor_demo_msgs__rosidl_typesupport_fastrtps_c\x1b[0m\n'}
[20.189387] (-) TimerEvent: {}
[20.279613] (serial_motor_demo_msgs) StdoutLine: {'line': b'[ 36%] \x1b[32mBuilding CXX object CMakeFiles/serial_motor_demo_msgs__rosidl_typesupport_fastrtps_c.dir/rosidl_typesupport_fastrtps_c/serial_motor_demo_msgs/msg/detail/motor_command__type_support_c.cpp.o\x1b[0m\n'}
[20.290078] (-) TimerEvent: {}
[20.388732] (serial_motor_demo_msgs) StdoutLine: {'line': b'[ 38%] Built target serial_motor_demo_msgs__rosidl_typesupport_cpp\n'}
[20.391543] (-) TimerEvent: {}
[20.474361] (serial_motor_demo_msgs) StdoutLine: {'line': b'[ 40%] \x1b[32mBuilding CXX object CMakeFiles/serial_motor_demo_msgs__rosidl_typesupport_fastrtps_c.dir/rosidl_typesupport_fastrtps_c/serial_motor_demo_msgs/msg/detail/motor_vels__type_support_c.cpp.o\x1b[0m\n'}
[20.491811] (-) TimerEvent: {}
[20.594359] (-) TimerEvent: {}
[20.697047] (-) TimerEvent: {}
[20.781998] (serial_motor_demo_msgs) StdoutLine: {'line': b'[ 42%] \x1b[32m\x1b[1mLinking CXX shared library libserial_motor_demo_msgs__rosidl_typesupport_introspection_cpp.so\x1b[0m\n'}
[20.797248] (-) TimerEvent: {}
[20.899445] (-) TimerEvent: {}
[21.005061] (-) TimerEvent: {}
[21.107262] (-) TimerEvent: {}
[21.209452] (-) TimerEvent: {}
[21.225476] (serial_motor_demo_msgs) StdoutLine: {'line': b'[ 44%] Built target serial_motor_demo_msgs__rosidl_typesupport_introspection_cpp\n'}
[21.305490] (serial_motor_demo_msgs) StdoutLine: {'line': b'\x1b[35m\x1b[1mConsolidate compiler generated dependencies of target serial_motor_demo_msgs__rosidl_typesupport_introspection_c\x1b[0m\n'}
[21.309994] (-) TimerEvent: {}
[21.374940] (serial_motor_demo_msgs) StdoutLine: {'line': b'[ 46%] \x1b[32mBuilding C object CMakeFiles/serial_motor_demo_msgs__rosidl_typesupport_introspection_c.dir/rosidl_typesupport_introspection_c/serial_motor_demo_msgs/msg/detail/motor_command__type_support.c.o\x1b[0m\n'}
[21.410274] (-) TimerEvent: {}
[21.512716] (-) TimerEvent: {}
[21.615414] (-) TimerEvent: {}
[21.717691] (-) TimerEvent: {}
[21.725082] (serial_motor_demo_msgs) StdoutLine: {'line': b'[ 48%] \x1b[32mBuilding C object CMakeFiles/serial_motor_demo_msgs__rosidl_typesupport_introspection_c.dir/rosidl_typesupport_introspection_c/serial_motor_demo_msgs/msg/detail/motor_vels__type_support.c.o\x1b[0m\n'}
[21.817961] (-) TimerEvent: {}
[21.919592] (-) TimerEvent: {}
[22.021242] (-) TimerEvent: {}
[22.122852] (-) TimerEvent: {}
[22.172920] (serial_motor_demo_msgs) StdoutLine: {'line': b'[ 51%] \x1b[32mBuilding C object CMakeFiles/serial_motor_demo_msgs__rosidl_typesupport_introspection_c.dir/rosidl_typesupport_introspection_c/serial_motor_demo_msgs/msg/detail/encoder_vals__type_support.c.o\x1b[0m\n'}
[22.223076] (-) TimerEvent: {}
[22.325274] (-) TimerEvent: {}
[22.426424] (-) TimerEvent: {}
[22.528696] (-) TimerEvent: {}
[22.595840] (serial_motor_demo_msgs) StdoutLine: {'line': b'[ 53%] \x1b[32m\x1b[1mLinking C shared library libserial_motor_demo_msgs__rosidl_typesupport_introspection_c.so\x1b[0m\n'}
[22.629242] (-) TimerEvent: {}
[22.731977] (-) TimerEvent: {}
[22.781439] (serial_motor_demo_msgs) StdoutLine: {'line': b'[ 55%] \x1b[32m\x1b[1mLinking CXX shared library libserial_motor_demo_msgs__rosidl_typesupport_fastrtps_cpp.so\x1b[0m\n'}
[22.832244] (-) TimerEvent: {}
[22.933252] (-) TimerEvent: {}
[22.992175] (serial_motor_demo_msgs) StdoutLine: {'line': b'[ 57%] Built target serial_motor_demo_msgs__rosidl_typesupport_introspection_c\n'}
[23.033547] (-) TimerEvent: {}
[23.134519] (-) TimerEvent: {}
[23.139113] (serial_motor_demo_msgs) StdoutLine: {'line': b'[ 59%] \x1b[32mBuilding CXX object CMakeFiles/serial_motor_demo_msgs__rosidl_typesupport_fastrtps_c.dir/rosidl_typesupport_fastrtps_c/serial_motor_demo_msgs/msg/detail/encoder_vals__type_support_c.cpp.o\x1b[0m\n'}
[23.176802] (serial_motor_demo_msgs) StdoutLine: {'line': b'\x1b[35m\x1b[1mConsolidate compiler generated dependencies of target serial_motor_demo_msgs__rosidl_typesupport_c\x1b[0m\n'}
[23.234928] (-) TimerEvent: {}
[23.279366] (serial_motor_demo_msgs) StdoutLine: {'line': b'[ 61%] \x1b[32mBuilding CXX object CMakeFiles/serial_motor_demo_msgs__rosidl_typesupport_c.dir/rosidl_typesupport_c/serial_motor_demo_msgs/msg/motor_command__type_support.cpp.o\x1b[0m\n'}
[23.335165] (-) TimerEvent: {}
[23.394507] (serial_motor_demo_msgs) StdoutLine: {'line': b'[ 63%] Built target serial_motor_demo_msgs__rosidl_typesupport_fastrtps_cpp\n'}
[23.434820] (serial_motor_demo_msgs) StdoutLine: {'line': b'[ 65%] \x1b[32mBuilding CXX object CMakeFiles/serial_motor_demo_msgs__rosidl_typesupport_c.dir/rosidl_typesupport_c/serial_motor_demo_msgs/msg/motor_vels__type_support.cpp.o\x1b[0m\n'}
[23.437652] (-) TimerEvent: {}
[23.455307] (serial_motor_demo_msgs) StdoutLine: {'line': b'[ 68%] \x1b[32mBuilding CXX object CMakeFiles/serial_motor_demo_msgs__rosidl_typesupport_c.dir/rosidl_typesupport_c/serial_motor_demo_msgs/msg/encoder_vals__type_support.cpp.o\x1b[0m\n'}
[23.537924] (-) TimerEvent: {}
[23.639813] (serial_motor_demo_msgs) StdoutLine: {'line': b'[ 70%] \x1b[32m\x1b[1mLinking CXX shared library libserial_motor_demo_msgs__rosidl_typesupport_c.so\x1b[0m\n'}
[23.641068] (-) TimerEvent: {}
[23.744101] (-) TimerEvent: {}
[23.826159] (serial_motor_demo_msgs) StdoutLine: {'line': b'[ 72%] Built target serial_motor_demo_msgs__rosidl_typesupport_c\n'}
[23.844332] (-) TimerEvent: {}
[23.945230] (-) TimerEvent: {}
[24.046141] (-) TimerEvent: {}
[24.147048] (-) TimerEvent: {}
[24.248025] (-) TimerEvent: {}
[24.348907] (-) TimerEvent: {}
[24.449814] (-) TimerEvent: {}
[24.550743] (-) TimerEvent: {}
[24.651621] (-) TimerEvent: {}
[24.752534] (-) TimerEvent: {}
[24.853394] (-) TimerEvent: {}
[24.954291] (-) TimerEvent: {}
[24.980842] (serial_motor_demo_msgs) StdoutLine: {'line': b'[ 74%] \x1b[32m\x1b[1mLinking CXX shared library libserial_motor_demo_msgs__rosidl_typesupport_fastrtps_c.so\x1b[0m\n'}
[25.054553] (-) TimerEvent: {}
[25.155573] (-) TimerEvent: {}
[25.256622] (-) TimerEvent: {}
[25.316968] (serial_motor_demo_msgs) StdoutLine: {'line': b'[ 76%] Built target serial_motor_demo_msgs__rosidl_typesupport_fastrtps_c\n'}
[25.356846] (-) TimerEvent: {}
[25.397475] (serial_motor_demo_msgs) StdoutLine: {'line': b'[ 76%] Built target serial_motor_demo_msgs\n'}
[25.457058] (-) TimerEvent: {}
[25.481734] (serial_motor_demo_msgs) StdoutLine: {'line': b'[ 78%] Built target serial_motor_demo_msgs__py\n'}
[25.526778] (serial_motor_demo_msgs) StdoutLine: {'line': b'\x1b[35m\x1b[1mConsolidate compiler generated dependencies of target serial_motor_demo_msgs__rosidl_generator_py\x1b[0m\n'}
[25.557270] (-) TimerEvent: {}
[25.600486] (serial_motor_demo_msgs) StdoutLine: {'line': b'[ 80%] \x1b[32mBuilding C object CMakeFiles/serial_motor_demo_msgs__rosidl_generator_py.dir/rosidl_generator_py/serial_motor_demo_msgs/msg/_motor_command_s.c.o\x1b[0m\n'}
[25.607259] (serial_motor_demo_msgs) StdoutLine: {'line': b'[ 82%] \x1b[32mBuilding C object CMakeFiles/serial_motor_demo_msgs__rosidl_generator_py.dir/rosidl_generator_py/serial_motor_demo_msgs/msg/_motor_vels_s.c.o\x1b[0m\n'}
[25.608257] (serial_motor_demo_msgs) StdoutLine: {'line': b'[ 85%] \x1b[32mBuilding C object CMakeFiles/serial_motor_demo_msgs__rosidl_generator_py.dir/rosidl_generator_py/serial_motor_demo_msgs/msg/_encoder_vals_s.c.o\x1b[0m\n'}
[25.666861] (-) TimerEvent: {}
[25.767848] (-) TimerEvent: {}
[25.879602] (-) TimerEvent: {}
[25.980763] (-) TimerEvent: {}
[26.081732] (-) TimerEvent: {}
[26.182959] (-) TimerEvent: {}
[26.284500] (-) TimerEvent: {}
[26.315503] (serial_motor_demo_msgs) StdoutLine: {'line': b'[ 87%] \x1b[32m\x1b[1mLinking C shared library rosidl_generator_py/serial_motor_demo_msgs/libserial_motor_demo_msgs__rosidl_generator_py.so\x1b[0m\n'}
[26.384740] (-) TimerEvent: {}
[26.487770] (-) TimerEvent: {}
[26.495576] (serial_motor_demo_msgs) StdoutLine: {'line': b'[ 87%] Built target serial_motor_demo_msgs__rosidl_generator_py\n'}
[26.541758] (serial_motor_demo_msgs) StdoutLine: {'line': b'\x1b[35m\x1b[1mConsolidate compiler generated dependencies of target serial_motor_demo_msgs__rosidl_typesupport_fastrtps_c__pyext\x1b[0m\n'}
[26.551276] (serial_motor_demo_msgs) StdoutLine: {'line': b'\x1b[35m\x1b[1mConsolidate compiler generated dependencies of target serial_motor_demo_msgs__rosidl_typesupport_c__pyext\x1b[0m\n'}
[26.551781] (serial_motor_demo_msgs) StdoutLine: {'line': b'\x1b[35m\x1b[1mConsolidate compiler generated dependencies of target serial_motor_demo_msgs__rosidl_typesupport_introspection_c__pyext\x1b[0m\n'}
[26.590929] (-) TimerEvent: {}
[26.609611] (serial_motor_demo_msgs) StdoutLine: {'line': b'[ 89%] \x1b[32mBuilding C object CMakeFiles/serial_motor_demo_msgs__rosidl_typesupport_c__pyext.dir/rosidl_generator_py/serial_motor_demo_msgs/_serial_motor_demo_msgs_s.ep.rosidl_typesupport_c.c.o\x1b[0m\n'}
[26.635982] (serial_motor_demo_msgs) StdoutLine: {'line': b'[ 91%] \x1b[32mBuilding C object CMakeFiles/serial_motor_demo_msgs__rosidl_typesupport_introspection_c__pyext.dir/rosidl_generator_py/serial_motor_demo_msgs/_serial_motor_demo_msgs_s.ep.rosidl_typesupport_introspection_c.c.o\x1b[0m\n'}
[26.691138] (-) TimerEvent: {}
[26.735915] (serial_motor_demo_msgs) StdoutLine: {'line': b'[ 93%] \x1b[32mBuilding C object CMakeFiles/serial_motor_demo_msgs__rosidl_typesupport_fastrtps_c__pyext.dir/rosidl_generator_py/serial_motor_demo_msgs/_serial_motor_demo_msgs_s.ep.rosidl_typesupport_fastrtps_c.c.o\x1b[0m\n'}
[26.791332] (-) TimerEvent: {}
[26.893620] (-) TimerEvent: {}
[26.995904] (-) TimerEvent: {}
[27.103791] (-) TimerEvent: {}
[27.204779] (-) TimerEvent: {}
[27.233869] (serial_motor_demo_msgs) StdoutLine: {'line': b'[ 95%] \x1b[32m\x1b[1mLinking C shared library rosidl_generator_py/serial_motor_demo_msgs/serial_motor_demo_msgs_s__rosidl_typesupport_introspection_c.cpython-310-aarch64-linux-gnu.so\x1b[0m\n'}
[27.306889] (-) TimerEvent: {}
[27.309317] (serial_motor_demo_msgs) StdoutLine: {'line': b'[ 97%] \x1b[32m\x1b[1mLinking C shared library rosidl_generator_py/serial_motor_demo_msgs/serial_motor_demo_msgs_s__rosidl_typesupport_c.cpython-310-aarch64-linux-gnu.so\x1b[0m\n'}
[27.407135] (-) TimerEvent: {}
[27.477789] (serial_motor_demo_msgs) StdoutLine: {'line': b'[ 97%] Built target serial_motor_demo_msgs__rosidl_typesupport_introspection_c__pyext\n'}
[27.504962] (serial_motor_demo_msgs) StdoutLine: {'line': b'[100%] \x1b[32m\x1b[1mLinking C shared library rosidl_generator_py/serial_motor_demo_msgs/serial_motor_demo_msgs_s__rosidl_typesupport_fastrtps_c.cpython-310-aarch64-linux-gnu.so\x1b[0m\n'}
[27.507558] (-) TimerEvent: {}
[27.512722] (serial_motor_demo_msgs) StdoutLine: {'line': b'[100%] Built target serial_motor_demo_msgs__rosidl_typesupport_c__pyext\n'}
[27.607816] (-) TimerEvent: {}
[27.667080] (serial_motor_demo_msgs) StdoutLine: {'line': b'[100%] Built target serial_motor_demo_msgs__rosidl_typesupport_fastrtps_c__pyext\n'}
[27.708028] (-) TimerEvent: {}
[27.713276] (serial_motor_demo_msgs) CommandEnded: {'returncode': 0}
[27.808240] (-) TimerEvent: {}
[27.909066] (-) TimerEvent: {}
[28.009885] (-) TimerEvent: {}
[28.111025] (-) TimerEvent: {}
[28.212222] (-) TimerEvent: {}
[28.257401] (serial_motor_demo_msgs) JobProgress: {'identifier': 'serial_motor_demo_msgs', 'progress': 'install'}
[28.263055] (serial_motor_demo_msgs) Command: {'cmd': ['/usr/bin/cmake', '--install', '/home/winicon/smilebot_ws/build/serial_motor_demo_msgs'], 'cwd': '/home/winicon/smilebot_ws/build/serial_motor_demo_msgs', 'env': OrderedDict([('LESSOPEN', '| /usr/bin/lesspipe %s'), ('LANGUAGE', 'en_GB:en'), ('WORKON_HOME', '/home/winicon/.virtualenvs'), ('USER', 'winicon'), ('SSH_CLIENT', '192.168.1.66 62579 22'), ('XDG_SESSION_TYPE', 'tty'), ('GIT_ASKPASS', '/home/winicon/.vscode-server/cli/servers/Stable-fabdb6a30b49f79a7aba0f2ad9df9b399473380f/server/extensions/git/dist/askpass.sh'), ('SHLVL', '1'), ('LD_LIBRARY_PATH', '/opt/ros/humble/opt/rviz_ogre_vendor/lib:/opt/ros/humble/lib/aarch64-linux-gnu:/opt/ros/humble/lib'), ('BROWSER', '/home/winicon/.vscode-server/cli/servers/Stable-fabdb6a30b49f79a7aba0f2ad9df9b399473380f/server/bin/helpers/browser.sh'), ('MOTD_SHOWN', 'pam'), ('HOME', '/home/winicon'), ('VIRTUALENVWRAPPER_PYTHON', '/usr/bin/python3'), ('OLDPWD', '/home/winicon/smilebot_ws/src/serial_motor_demo'), ('TERM_PROGRAM_VERSION', '1.96.2'), ('VSCODE_IPC_HOOK_CLI', '/run/user/1000/vscode-ipc-e7a4cc3d-0e85-42bb-9dc5-efc4c6779997.sock'), ('ROS_PYTHON_VERSION', '3'), ('VSCODE_GIT_ASKPASS_MAIN', '/home/winicon/.vscode-server/cli/servers/Stable-fabdb6a30b49f79a7aba0f2ad9df9b399473380f/server/extensions/git/dist/askpass-main.js'), ('VSCODE_GIT_ASKPASS_NODE', '/home/winicon/.vscode-server/cli/servers/Stable-fabdb6a30b49f79a7aba0f2ad9df9b399473380f/server/node'), ('SSL_CERT_FILE', '/usr/lib/ssl/certs/ca-certificates.crt'), ('DBUS_SESSION_BUS_ADDRESS', 'unix:path=/run/user/1000/bus'), ('COLORTERM', 'truecolor'), ('ROS_DISTRO', 'humble'), ('LOGNAME', 'winicon'), ('_', '/usr/bin/colcon'), ('ROS_VERSION', '2'), ('XDG_SESSION_CLASS', 'user'), ('TERM', 'xterm-256color'), ('XDG_SESSION_ID', '3'), ('ROS_LOCALHOST_ONLY', '0'), ('PATH', '/opt/ros/humble/bin:/home/winicon/.vscode-server/cli/servers/Stable-fabdb6a30b49f79a7aba0f2ad9df9b399473380f/server/bin/remote-cli:/usr/local/sbin:/usr/local/bin:/usr/sbin:/usr/bin:/sbin:/bin:/usr/games:/usr/local/games:/snap/bin'), ('XDG_RUNTIME_DIR', '/run/user/1000'), ('SSL_CERT_DIR', '/usr/lib/ssl/certs'), ('LANG', 'en_US.UTF-8'), ('LS_COLORS', 'rs=0:di=01;34:ln=01;36:mh=00:pi=40;33:so=01;35:do=01;35:bd=40;33;01:cd=40;33;01:or=40;31;01:mi=00:su=37;41:sg=30;43:ca=30;41:tw=30;42:ow=34;42:st=37;44:ex=01;32:*.tar=01;31:*.tgz=01;31:*.arc=01;31:*.arj=01;31:*.taz=01;31:*.lha=01;31:*.lz4=01;31:*.lzh=01;31:*.lzma=01;31:*.tlz=01;31:*.txz=01;31:*.tzo=01;31:*.t7z=01;31:*.zip=01;31:*.z=01;31:*.dz=01;31:*.gz=01;31:*.lrz=01;31:*.lz=01;31:*.lzo=01;31:*.xz=01;31:*.zst=01;31:*.tzst=01;31:*.bz2=01;31:*.bz=01;31:*.tbz=01;31:*.tbz2=01;31:*.tz=01;31:*.deb=01;31:*.rpm=01;31:*.jar=01;31:*.war=01;31:*.ear=01;31:*.sar=01;31:*.rar=01;31:*.alz=01;31:*.ace=01;31:*.zoo=01;31:*.cpio=01;31:*.7z=01;31:*.rz=01;31:*.cab=01;31:*.wim=01;31:*.swm=01;31:*.dwm=01;31:*.esd=01;31:*.jpg=01;35:*.jpeg=01;35:*.mjpg=01;35:*.mjpeg=01;35:*.gif=01;35:*.bmp=01;35:*.pbm=01;35:*.pgm=01;35:*.ppm=01;35:*.tga=01;35:*.xbm=01;35:*.xpm=01;35:*.tif=01;35:*.tiff=01;35:*.png=01;35:*.svg=01;35:*.svgz=01;35:*.mng=01;35:*.pcx=01;35:*.mov=01;35:*.mpg=01;35:*.mpeg=01;35:*.m2v=01;35:*.mkv=01;35:*.webm=01;35:*.webp=01;35:*.ogm=01;35:*.mp4=01;35:*.m4v=01;35:*.mp4v=01;35:*.vob=01;35:*.qt=01;35:*.nuv=01;35:*.wmv=01;35:*.asf=01;35:*.rm=01;35:*.rmvb=01;35:*.flc=01;35:*.avi=01;35:*.fli=01;35:*.flv=01;35:*.gl=01;35:*.dl=01;35:*.xcf=01;35:*.xwd=01;35:*.yuv=01;35:*.cgm=01;35:*.emf=01;35:*.ogv=01;35:*.ogx=01;35:*.aac=00;36:*.au=00;36:*.flac=00;36:*.m4a=00;36:*.mid=00;36:*.midi=00;36:*.mka=00;36:*.mp3=00;36:*.mpc=00;36:*.ogg=00;36:*.ra=00;36:*.wav=00;36:*.oga=00;36:*.opus=00;36:*.spx=00;36:*.xspf=00;36:'), ('VSCODE_GIT_IPC_HANDLE', '/run/user/1000/vscode-git-dbbed90932.sock'), ('TERM_PROGRAM', 'vscode'), ('AMENT_PREFIX_PATH', '/opt/ros/humble'), ('SHELL', '/bin/bash'), ('LESSCLOSE', '/usr/bin/lesspipe %s %s'), ('VSCODE_GIT_ASKPASS_EXTRA_ARGS', ''), ('PWD', '/home/winicon/smilebot_ws/build/serial_motor_demo_msgs'), ('LC_ALL', 'en_US.UTF-8'), ('SSH_CONNECTION', '192.168.1.66 62579 192.168.1.177 22'), ('PYTHONPATH', '/opt/ros/humble/lib/python3.10/site-packages:/opt/ros/humble/local/lib/python3.10/dist-packages'), ('COLCON', '1'), ('CMAKE_PREFIX_PATH', '/opt/ros/humble')]), 'shell': False}
[28.289443] (serial_motor_demo_msgs) StdoutLine: {'line': b'-- Install configuration: ""\n'}
[28.293199] (serial_motor_demo_msgs) StdoutLine: {'line': b'-- Execute custom install script\n'}
[28.296736] (serial_motor_demo_msgs) StdoutLine: {'line': b'-- Up-to-date symlink: /home/winicon/smilebot_ws/install/serial_motor_demo_msgs/share/ament_index/resource_index/rosidl_interfaces/serial_motor_demo_msgs\n'}
[28.300438] (serial_motor_demo_msgs) StdoutLine: {'line': b'-- Up-to-date symlink: /home/winicon/smilebot_ws/install/serial_motor_demo_msgs/include/serial_motor_demo_msgs/serial_motor_demo_msgs/msg/detail/encoder_vals__functions.h\n'}
[28.303896] (serial_motor_demo_msgs) StdoutLine: {'line': b'-- Up-to-date symlink: /home/winicon/smilebot_ws/install/serial_motor_demo_msgs/include/serial_motor_demo_msgs/serial_motor_demo_msgs/msg/detail/encoder_vals__struct.h\n'}
[28.306179] (serial_motor_demo_msgs) StdoutLine: {'line': b'-- Up-to-date symlink: /home/winicon/smilebot_ws/install/serial_motor_demo_msgs/include/serial_motor_demo_msgs/serial_motor_demo_msgs/msg/detail/encoder_vals__type_support.h\n'}
[28.309150] (serial_motor_demo_msgs) StdoutLine: {'line': b'-- Up-to-date symlink: /home/winicon/smilebot_ws/install/serial_motor_demo_msgs/include/serial_motor_demo_msgs/serial_motor_demo_msgs/msg/detail/motor_command__functions.h\n'}
[28.309555] (serial_motor_demo_msgs) StdoutLine: {'line': b'-- Up-to-date symlink: /home/winicon/smilebot_ws/install/serial_motor_demo_msgs/include/serial_motor_demo_msgs/serial_motor_demo_msgs/msg/detail/motor_command__struct.h\n'}
[28.312225] (-) TimerEvent: {}
[28.312648] (serial_motor_demo_msgs) StdoutLine: {'line': b'-- Up-to-date symlink: /home/winicon/smilebot_ws/install/serial_motor_demo_msgs/include/serial_motor_demo_msgs/serial_motor_demo_msgs/msg/detail/motor_command__type_support.h\n'}
[28.313153] (serial_motor_demo_msgs) StdoutLine: {'line': b'-- Up-to-date symlink: /home/winicon/smilebot_ws/install/serial_motor_demo_msgs/include/serial_motor_demo_msgs/serial_motor_demo_msgs/msg/detail/motor_vels__functions.h\n'}
[28.313547] (serial_motor_demo_msgs) StdoutLine: {'line': b'-- Up-to-date symlink: /home/winicon/smilebot_ws/install/serial_motor_demo_msgs/include/serial_motor_demo_msgs/serial_motor_demo_msgs/msg/detail/motor_vels__struct.h\n'}
[28.313864] (serial_motor_demo_msgs) StdoutLine: {'line': b'-- Up-to-date symlink: /home/winicon/smilebot_ws/install/serial_motor_demo_msgs/include/serial_motor_demo_msgs/serial_motor_demo_msgs/msg/detail/motor_vels__type_support.h\n'}
[28.314267] (serial_motor_demo_msgs) StdoutLine: {'line': b'-- Up-to-date symlink: /home/winicon/smilebot_ws/install/serial_motor_demo_msgs/include/serial_motor_demo_msgs/serial_motor_demo_msgs/msg/encoder_vals.h\n'}
[28.314584] (serial_motor_demo_msgs) StdoutLine: {'line': b'-- Up-to-date symlink: /home/winicon/smilebot_ws/install/serial_motor_demo_msgs/include/serial_motor_demo_msgs/serial_motor_demo_msgs/msg/motor_command.h\n'}
[28.321255] (serial_motor_demo_msgs) StdoutLine: {'line': b'-- Up-to-date symlink: /home/winicon/smilebot_ws/install/serial_motor_demo_msgs/include/serial_motor_demo_msgs/serial_motor_demo_msgs/msg/motor_vels.h\n'}
[28.321780] (serial_motor_demo_msgs) StdoutLine: {'line': b'-- Up-to-date symlink: /home/winicon/smilebot_ws/install/serial_motor_demo_msgs/include/serial_motor_demo_msgs/serial_motor_demo_msgs/msg/rosidl_generator_c__visibility_control.h\n'}
[28.322292] (serial_motor_demo_msgs) StdoutLine: {'line': b'-- Up-to-date symlink: /home/winicon/smilebot_ws/install/serial_motor_demo_msgs/share/serial_motor_demo_msgs/environment/library_path.sh\n'}
[28.323455] (serial_motor_demo_msgs) StdoutLine: {'line': b'-- Up-to-date symlink: /home/winicon/smilebot_ws/install/serial_motor_demo_msgs/share/serial_motor_demo_msgs/environment/library_path.dsv\n'}
[28.323932] (serial_motor_demo_msgs) StdoutLine: {'line': b'-- Up-to-date symlink: /home/winicon/smilebot_ws/install/serial_motor_demo_msgs/include/serial_motor_demo_msgs/serial_motor_demo_msgs/msg/detail/encoder_vals__rosidl_typesupport_fastrtps_c.h\n'}
[28.324259] (serial_motor_demo_msgs) StdoutLine: {'line': b'-- Up-to-date symlink: /home/winicon/smilebot_ws/install/serial_motor_demo_msgs/include/serial_motor_demo_msgs/serial_motor_demo_msgs/msg/detail/motor_command__rosidl_typesupport_fastrtps_c.h\n'}
[28.324720] (serial_motor_demo_msgs) StdoutLine: {'line': b'-- Up-to-date symlink: /home/winicon/smilebot_ws/install/serial_motor_demo_msgs/include/serial_motor_demo_msgs/serial_motor_demo_msgs/msg/detail/motor_vels__rosidl_typesupport_fastrtps_c.h\n'}
[28.325041] (serial_motor_demo_msgs) StdoutLine: {'line': b'-- Up-to-date symlink: /home/winicon/smilebot_ws/install/serial_motor_demo_msgs/include/serial_motor_demo_msgs/serial_motor_demo_msgs/msg/rosidl_typesupport_fastrtps_c__visibility_control.h\n'}
[28.325452] (serial_motor_demo_msgs) StdoutLine: {'line': b'-- Up-to-date symlink: /home/winicon/smilebot_ws/install/serial_motor_demo_msgs/include/serial_motor_demo_msgs/serial_motor_demo_msgs/msg/detail/encoder_vals__rosidl_typesupport_introspection_c.h\n'}
[28.326967] (serial_motor_demo_msgs) StdoutLine: {'line': b'-- Up-to-date symlink: /home/winicon/smilebot_ws/install/serial_motor_demo_msgs/include/serial_motor_demo_msgs/serial_motor_demo_msgs/msg/detail/motor_command__rosidl_typesupport_introspection_c.h\n'}
[28.327610] (serial_motor_demo_msgs) StdoutLine: {'line': b'-- Up-to-date symlink: /home/winicon/smilebot_ws/install/serial_motor_demo_msgs/include/serial_motor_demo_msgs/serial_motor_demo_msgs/msg/detail/motor_vels__rosidl_typesupport_introspection_c.h\n'}
[28.328026] (serial_motor_demo_msgs) StdoutLine: {'line': b'-- Up-to-date symlink: /home/winicon/smilebot_ws/install/serial_motor_demo_msgs/include/serial_motor_demo_msgs/serial_motor_demo_msgs/msg/rosidl_typesupport_introspection_c__visibility_control.h\n'}
[28.331355] (serial_motor_demo_msgs) StdoutLine: {'line': b'-- Up-to-date symlink: /home/winicon/smilebot_ws/install/serial_motor_demo_msgs/include/serial_motor_demo_msgs/serial_motor_demo_msgs/msg/detail/encoder_vals__builder.hpp\n'}
[28.332005] (serial_motor_demo_msgs) StdoutLine: {'line': b'-- Up-to-date symlink: /home/winicon/smilebot_ws/install/serial_motor_demo_msgs/include/serial_motor_demo_msgs/serial_motor_demo_msgs/msg/detail/encoder_vals__struct.hpp\n'}
[28.332434] (serial_motor_demo_msgs) StdoutLine: {'line': b'-- Up-to-date symlink: /home/winicon/smilebot_ws/install/serial_motor_demo_msgs/include/serial_motor_demo_msgs/serial_motor_demo_msgs/msg/detail/encoder_vals__traits.hpp\n'}
[28.333405] (serial_motor_demo_msgs) StdoutLine: {'line': b'-- Up-to-date symlink: /home/winicon/smilebot_ws/install/serial_motor_demo_msgs/include/serial_motor_demo_msgs/serial_motor_demo_msgs/msg/detail/motor_command__builder.hpp\n'}
[28.333954] (serial_motor_demo_msgs) StdoutLine: {'line': b'-- Up-to-date symlink: /home/winicon/smilebot_ws/install/serial_motor_demo_msgs/include/serial_motor_demo_msgs/serial_motor_demo_msgs/msg/detail/motor_command__struct.hpp\n'}
[28.334289] (serial_motor_demo_msgs) StdoutLine: {'line': b'-- Up-to-date symlink: /home/winicon/smilebot_ws/install/serial_motor_demo_msgs/include/serial_motor_demo_msgs/serial_motor_demo_msgs/msg/detail/motor_command__traits.hpp\n'}
[28.334884] (serial_motor_demo_msgs) StdoutLine: {'line': b'-- Up-to-date symlink: /home/winicon/smilebot_ws/install/serial_motor_demo_msgs/include/serial_motor_demo_msgs/serial_motor_demo_msgs/msg/detail/motor_vels__builder.hpp\n'}
[28.335745] (serial_motor_demo_msgs) StdoutLine: {'line': b'-- Up-to-date symlink: /home/winicon/smilebot_ws/install/serial_motor_demo_msgs/include/serial_motor_demo_msgs/serial_motor_demo_msgs/msg/detail/motor_vels__struct.hpp\n'}
[28.336851] (serial_motor_demo_msgs) StdoutLine: {'line': b'-- Up-to-date symlink: /home/winicon/smilebot_ws/install/serial_motor_demo_msgs/include/serial_motor_demo_msgs/serial_motor_demo_msgs/msg/detail/motor_vels__traits.hpp\n'}
[28.337841] (serial_motor_demo_msgs) StdoutLine: {'line': b'-- Up-to-date symlink: /home/winicon/smilebot_ws/install/serial_motor_demo_msgs/include/serial_motor_demo_msgs/serial_motor_demo_msgs/msg/encoder_vals.hpp\n'}
[28.338903] (serial_motor_demo_msgs) StdoutLine: {'line': b'-- Up-to-date symlink: /home/winicon/smilebot_ws/install/serial_motor_demo_msgs/include/serial_motor_demo_msgs/serial_motor_demo_msgs/msg/motor_command.hpp\n'}
[28.339920] (serial_motor_demo_msgs) StdoutLine: {'line': b'-- Up-to-date symlink: /home/winicon/smilebot_ws/install/serial_motor_demo_msgs/include/serial_motor_demo_msgs/serial_motor_demo_msgs/msg/motor_vels.hpp\n'}
[28.344364] (serial_motor_demo_msgs) StdoutLine: {'line': b'-- Up-to-date symlink: /home/winicon/smilebot_ws/install/serial_motor_demo_msgs/include/serial_motor_demo_msgs/serial_motor_demo_msgs/msg/detail/encoder_vals__rosidl_typesupport_fastrtps_cpp.hpp\n'}
[28.345348] (serial_motor_demo_msgs) StdoutLine: {'line': b'-- Up-to-date symlink: /home/winicon/smilebot_ws/install/serial_motor_demo_msgs/include/serial_motor_demo_msgs/serial_motor_demo_msgs/msg/detail/motor_command__rosidl_typesupport_fastrtps_cpp.hpp\n'}
[28.346412] (serial_motor_demo_msgs) StdoutLine: {'line': b'-- Up-to-date symlink: /home/winicon/smilebot_ws/install/serial_motor_demo_msgs/include/serial_motor_demo_msgs/serial_motor_demo_msgs/msg/detail/motor_vels__rosidl_typesupport_fastrtps_cpp.hpp\n'}
[28.347519] (serial_motor_demo_msgs) StdoutLine: {'line': b'-- Up-to-date symlink: /home/winicon/smilebot_ws/install/serial_motor_demo_msgs/include/serial_motor_demo_msgs/serial_motor_demo_msgs/msg/rosidl_typesupport_fastrtps_cpp__visibility_control.h\n'}
[28.350361] (serial_motor_demo_msgs) StdoutLine: {'line': b'-- Up-to-date symlink: /home/winicon/smilebot_ws/install/serial_motor_demo_msgs/include/serial_motor_demo_msgs/serial_motor_demo_msgs/msg/detail/encoder_vals__rosidl_typesupport_introspection_cpp.hpp\n'}
[28.351585] (serial_motor_demo_msgs) StdoutLine: {'line': b'-- Up-to-date symlink: /home/winicon/smilebot_ws/install/serial_motor_demo_msgs/include/serial_motor_demo_msgs/serial_motor_demo_msgs/msg/detail/motor_command__rosidl_typesupport_introspection_cpp.hpp\n'}
[28.352725] (serial_motor_demo_msgs) StdoutLine: {'line': b'-- Up-to-date symlink: /home/winicon/smilebot_ws/install/serial_motor_demo_msgs/include/serial_motor_demo_msgs/serial_motor_demo_msgs/msg/detail/motor_vels__rosidl_typesupport_introspection_cpp.hpp\n'}
[28.353719] (serial_motor_demo_msgs) StdoutLine: {'line': b'-- Up-to-date symlink: /home/winicon/smilebot_ws/install/serial_motor_demo_msgs/share/serial_motor_demo_msgs/environment/pythonpath.sh\n'}
[28.354910] (serial_motor_demo_msgs) StdoutLine: {'line': b'-- Up-to-date symlink: /home/winicon/smilebot_ws/install/serial_motor_demo_msgs/share/serial_motor_demo_msgs/environment/pythonpath.dsv\n'}
[28.357032] (serial_motor_demo_msgs) StdoutLine: {'line': b'-- Up-to-date symlink: /home/winicon/smilebot_ws/install/serial_motor_demo_msgs/local/lib/python3.10/dist-packages/serial_motor_demo_msgs-0.0.0-py3.10.egg-info/PKG-INFO\n'}
[28.357963] (serial_motor_demo_msgs) StdoutLine: {'line': b'-- Up-to-date symlink: /home/winicon/smilebot_ws/install/serial_motor_demo_msgs/local/lib/python3.10/dist-packages/serial_motor_demo_msgs-0.0.0-py3.10.egg-info/SOURCES.txt\n'}
[28.358973] (serial_motor_demo_msgs) StdoutLine: {'line': b'-- Up-to-date symlink: /home/winicon/smilebot_ws/install/serial_motor_demo_msgs/local/lib/python3.10/dist-packages/serial_motor_demo_msgs-0.0.0-py3.10.egg-info/dependency_links.txt\n'}
[28.360070] (serial_motor_demo_msgs) StdoutLine: {'line': b'-- Up-to-date symlink: /home/winicon/smilebot_ws/install/serial_motor_demo_msgs/local/lib/python3.10/dist-packages/serial_motor_demo_msgs-0.0.0-py3.10.egg-info/top_level.txt\n'}
[28.365995] (serial_motor_demo_msgs) StdoutLine: {'line': b'-- Up-to-date symlink: /home/winicon/smilebot_ws/install/serial_motor_demo_msgs/local/lib/python3.10/dist-packages/serial_motor_demo_msgs/__init__.py\n'}
[28.367060] (serial_motor_demo_msgs) StdoutLine: {'line': b'-- Up-to-date symlink: /home/winicon/smilebot_ws/install/serial_motor_demo_msgs/local/lib/python3.10/dist-packages/serial_motor_demo_msgs/_serial_motor_demo_msgs_s.ep.rosidl_typesupport_c.c\n'}
[28.368101] (serial_motor_demo_msgs) StdoutLine: {'line': b'-- Up-to-date symlink: /home/winicon/smilebot_ws/install/serial_motor_demo_msgs/local/lib/python3.10/dist-packages/serial_motor_demo_msgs/_serial_motor_demo_msgs_s.ep.rosidl_typesupport_fastrtps_c.c\n'}
[28.369189] (serial_motor_demo_msgs) StdoutLine: {'line': b'-- Up-to-date symlink: /home/winicon/smilebot_ws/install/serial_motor_demo_msgs/local/lib/python3.10/dist-packages/serial_motor_demo_msgs/_serial_motor_demo_msgs_s.ep.rosidl_typesupport_introspection_c.c\n'}
[28.370168] (serial_motor_demo_msgs) StdoutLine: {'line': b'-- Up-to-date symlink: /home/winicon/smilebot_ws/install/serial_motor_demo_msgs/local/lib/python3.10/dist-packages/serial_motor_demo_msgs/libserial_motor_demo_msgs__rosidl_generator_py.so\n'}
[28.371326] (serial_motor_demo_msgs) StdoutLine: {'line': b'-- Up-to-date symlink: /home/winicon/smilebot_ws/install/serial_motor_demo_msgs/local/lib/python3.10/dist-packages/serial_motor_demo_msgs/msg/__init__.py\n'}
[28.372414] (serial_motor_demo_msgs) StdoutLine: {'line': b'-- Up-to-date symlink: /home/winicon/smilebot_ws/install/serial_motor_demo_msgs/local/lib/python3.10/dist-packages/serial_motor_demo_msgs/msg/_encoder_vals.py\n'}
[28.373472] (serial_motor_demo_msgs) StdoutLine: {'line': b'-- Up-to-date symlink: /home/winicon/smilebot_ws/install/serial_motor_demo_msgs/local/lib/python3.10/dist-packages/serial_motor_demo_msgs/msg/_encoder_vals_s.c\n'}
[28.374535] (serial_motor_demo_msgs) StdoutLine: {'line': b'-- Up-to-date symlink: /home/winicon/smilebot_ws/install/serial_motor_demo_msgs/local/lib/python3.10/dist-packages/serial_motor_demo_msgs/msg/_motor_command.py\n'}
[28.375633] (serial_motor_demo_msgs) StdoutLine: {'line': b'-- Up-to-date symlink: /home/winicon/smilebot_ws/install/serial_motor_demo_msgs/local/lib/python3.10/dist-packages/serial_motor_demo_msgs/msg/_motor_command_s.c\n'}
[28.376708] (serial_motor_demo_msgs) StdoutLine: {'line': b'-- Up-to-date symlink: /home/winicon/smilebot_ws/install/serial_motor_demo_msgs/local/lib/python3.10/dist-packages/serial_motor_demo_msgs/msg/_motor_vels.py\n'}
[28.377767] (serial_motor_demo_msgs) StdoutLine: {'line': b'-- Up-to-date symlink: /home/winicon/smilebot_ws/install/serial_motor_demo_msgs/local/lib/python3.10/dist-packages/serial_motor_demo_msgs/msg/_motor_vels_s.c\n'}
[28.378834] (serial_motor_demo_msgs) StdoutLine: {'line': b'-- Up-to-date symlink: /home/winicon/smilebot_ws/install/serial_motor_demo_msgs/local/lib/python3.10/dist-packages/serial_motor_demo_msgs/serial_motor_demo_msgs_s__rosidl_typesupport_c.cpython-310-aarch64-linux-gnu.so\n'}
[28.379908] (serial_motor_demo_msgs) StdoutLine: {'line': b'-- Up-to-date symlink: /home/winicon/smilebot_ws/install/serial_motor_demo_msgs/local/lib/python3.10/dist-packages/serial_motor_demo_msgs/serial_motor_demo_msgs_s__rosidl_typesupport_fastrtps_c.cpython-310-aarch64-linux-gnu.so\n'}
[28.380984] (serial_motor_demo_msgs) StdoutLine: {'line': b'-- Up-to-date symlink: /home/winicon/smilebot_ws/install/serial_motor_demo_msgs/local/lib/python3.10/dist-packages/serial_motor_demo_msgs/serial_motor_demo_msgs_s__rosidl_typesupport_introspection_c.cpython-310-aarch64-linux-gnu.so\n'}
[28.382854] (serial_motor_demo_msgs) StdoutLine: {'line': b'-- Up-to-date symlink: /home/winicon/smilebot_ws/install/serial_motor_demo_msgs/local/lib/python3.10/dist-packages/serial_motor_demo_msgs/serial_motor_demo_msgs_s__rosidl_typesupport_fastrtps_c.cpython-310-aarch64-linux-gnu.so\n'}
[28.384702] (serial_motor_demo_msgs) StdoutLine: {'line': b'-- Up-to-date symlink: /home/winicon/smilebot_ws/install/serial_motor_demo_msgs/local/lib/python3.10/dist-packages/serial_motor_demo_msgs/serial_motor_demo_msgs_s__rosidl_typesupport_introspection_c.cpython-310-aarch64-linux-gnu.so\n'}
[28.386462] (serial_motor_demo_msgs) StdoutLine: {'line': b'-- Up-to-date symlink: /home/winicon/smilebot_ws/install/serial_motor_demo_msgs/local/lib/python3.10/dist-packages/serial_motor_demo_msgs/serial_motor_demo_msgs_s__rosidl_typesupport_c.cpython-310-aarch64-linux-gnu.so\n'}
[28.387715] (serial_motor_demo_msgs) StdoutLine: {'line': b'-- Up-to-date symlink: /home/winicon/smilebot_ws/install/serial_motor_demo_msgs/share/serial_motor_demo_msgs/msg/MotorCommand.idl\n'}
[28.388933] (serial_motor_demo_msgs) StdoutLine: {'line': b'-- Up-to-date symlink: /home/winicon/smilebot_ws/install/serial_motor_demo_msgs/share/serial_motor_demo_msgs/msg/MotorVels.idl\n'}
[28.390142] (serial_motor_demo_msgs) StdoutLine: {'line': b'-- Up-to-date symlink: /home/winicon/smilebot_ws/install/serial_motor_demo_msgs/share/serial_motor_demo_msgs/msg/EncoderVals.idl\n'}
[28.391362] (serial_motor_demo_msgs) StdoutLine: {'line': b'-- Up-to-date symlink: /home/winicon/smilebot_ws/install/serial_motor_demo_msgs/share/serial_motor_demo_msgs/msg/MotorCommand.msg\n'}
[28.392534] (serial_motor_demo_msgs) StdoutLine: {'line': b'-- Up-to-date symlink: /home/winicon/smilebot_ws/install/serial_motor_demo_msgs/share/serial_motor_demo_msgs/msg/MotorVels.msg\n'}
[28.393699] (serial_motor_demo_msgs) StdoutLine: {'line': b'-- Up-to-date symlink: /home/winicon/smilebot_ws/install/serial_motor_demo_msgs/share/serial_motor_demo_msgs/msg/EncoderVals.msg\n'}
[28.395180] (serial_motor_demo_msgs) StdoutLine: {'line': b'-- Up-to-date symlink: /home/winicon/smilebot_ws/install/serial_motor_demo_msgs/share/ament_index/resource_index/package_run_dependencies/serial_motor_demo_msgs\n'}
[28.396935] (serial_motor_demo_msgs) StdoutLine: {'line': b'-- Up-to-date symlink: /home/winicon/smilebot_ws/install/serial_motor_demo_msgs/share/ament_index/resource_index/parent_prefix_path/serial_motor_demo_msgs\n'}
[28.398235] (serial_motor_demo_msgs) StdoutLine: {'line': b'-- Up-to-date symlink: /home/winicon/smilebot_ws/install/serial_motor_demo_msgs/share/serial_motor_demo_msgs/environment/ament_prefix_path.sh\n'}
[28.399534] (serial_motor_demo_msgs) StdoutLine: {'line': b'-- Up-to-date symlink: /home/winicon/smilebot_ws/install/serial_motor_demo_msgs/share/serial_motor_demo_msgs/environment/ament_prefix_path.dsv\n'}
[28.400749] (serial_motor_demo_msgs) StdoutLine: {'line': b'-- Up-to-date symlink: /home/winicon/smilebot_ws/install/serial_motor_demo_msgs/share/serial_motor_demo_msgs/environment/path.sh\n'}
[28.401872] (serial_motor_demo_msgs) StdoutLine: {'line': b'-- Up-to-date symlink: /home/winicon/smilebot_ws/install/serial_motor_demo_msgs/share/serial_motor_demo_msgs/environment/path.dsv\n'}
[28.403064] (serial_motor_demo_msgs) StdoutLine: {'line': b'-- Up-to-date symlink: /home/winicon/smilebot_ws/install/serial_motor_demo_msgs/share/serial_motor_demo_msgs/local_setup.bash\n'}
[28.404154] (serial_motor_demo_msgs) StdoutLine: {'line': b'-- Up-to-date symlink: /home/winicon/smilebot_ws/install/serial_motor_demo_msgs/share/serial_motor_demo_msgs/local_setup.sh\n'}
[28.405226] (serial_motor_demo_msgs) StdoutLine: {'line': b'-- Up-to-date symlink: /home/winicon/smilebot_ws/install/serial_motor_demo_msgs/share/serial_motor_demo_msgs/local_setup.zsh\n'}
[28.406306] (serial_motor_demo_msgs) StdoutLine: {'line': b'-- Up-to-date symlink: /home/winicon/smilebot_ws/install/serial_motor_demo_msgs/share/serial_motor_demo_msgs/local_setup.dsv\n'}
[28.407183] (serial_motor_demo_msgs) StdoutLine: {'line': b'-- Symlinking: /home/winicon/smilebot_ws/install/serial_motor_demo_msgs/share/serial_motor_demo_msgs/package.dsv\n'}
[28.412431] (-) TimerEvent: {}
[28.444257] (serial_motor_demo_msgs) StdoutLine: {'line': b'-- Up-to-date symlink: /home/winicon/smilebot_ws/install/serial_motor_demo_msgs/share/ament_index/resource_index/packages/serial_motor_demo_msgs\n'}
[28.445311] (serial_motor_demo_msgs) StdoutLine: {'line': b'-- Up-to-date symlink: /home/winicon/smilebot_ws/install/serial_motor_demo_msgs/share/serial_motor_demo_msgs/cmake/rosidl_cmake-extras.cmake\n'}
[28.446524] (serial_motor_demo_msgs) StdoutLine: {'line': b'-- Up-to-date symlink: /home/winicon/smilebot_ws/install/serial_motor_demo_msgs/share/serial_motor_demo_msgs/cmake/ament_cmake_export_include_directories-extras.cmake\n'}
[28.447739] (serial_motor_demo_msgs) StdoutLine: {'line': b'-- Up-to-date symlink: /home/winicon/smilebot_ws/install/serial_motor_demo_msgs/share/serial_motor_demo_msgs/cmake/ament_cmake_export_libraries-extras.cmake\n'}
[28.448898] (serial_motor_demo_msgs) StdoutLine: {'line': b'-- Up-to-date symlink: /home/winicon/smilebot_ws/install/serial_motor_demo_msgs/share/serial_motor_demo_msgs/cmake/ament_cmake_export_targets-extras.cmake\n'}
[28.450071] (serial_motor_demo_msgs) StdoutLine: {'line': b'-- Up-to-date symlink: /home/winicon/smilebot_ws/install/serial_motor_demo_msgs/share/serial_motor_demo_msgs/cmake/rosidl_cmake_export_typesupport_targets-extras.cmake\n'}
[28.451297] (serial_motor_demo_msgs) StdoutLine: {'line': b'-- Up-to-date symlink: /home/winicon/smilebot_ws/install/serial_motor_demo_msgs/share/serial_motor_demo_msgs/cmake/ament_cmake_export_dependencies-extras.cmake\n'}
[28.452467] (serial_motor_demo_msgs) StdoutLine: {'line': b'-- Up-to-date symlink: /home/winicon/smilebot_ws/install/serial_motor_demo_msgs/share/serial_motor_demo_msgs/cmake/rosidl_cmake_export_typesupport_libraries-extras.cmake\n'}
[28.453648] (serial_motor_demo_msgs) StdoutLine: {'line': b'-- Up-to-date symlink: /home/winicon/smilebot_ws/install/serial_motor_demo_msgs/share/serial_motor_demo_msgs/cmake/serial_motor_demo_msgsConfig.cmake\n'}
[28.454555] (serial_motor_demo_msgs) StdoutLine: {'line': b'-- Up-to-date symlink: /home/winicon/smilebot_ws/install/serial_motor_demo_msgs/share/serial_motor_demo_msgs/cmake/serial_motor_demo_msgsConfig-version.cmake\n'}
[28.455790] (serial_motor_demo_msgs) StdoutLine: {'line': b'-- Up-to-date symlink: /home/winicon/smilebot_ws/install/serial_motor_demo_msgs/share/serial_motor_demo_msgs/package.xml\n'}
[28.460074] (serial_motor_demo_msgs) StdoutLine: {'line': b'-- Installing: /home/winicon/smilebot_ws/install/serial_motor_demo_msgs/lib/libserial_motor_demo_msgs__rosidl_generator_c.so\n'}
[28.462081] (serial_motor_demo_msgs) StdoutLine: {'line': b'-- Set runtime path of "/home/winicon/smilebot_ws/install/serial_motor_demo_msgs/lib/libserial_motor_demo_msgs__rosidl_generator_c.so" to ""\n'}
[28.462568] (serial_motor_demo_msgs) StdoutLine: {'line': b'-- Installing: /home/winicon/smilebot_ws/install/serial_motor_demo_msgs/lib/libserial_motor_demo_msgs__rosidl_typesupport_fastrtps_c.so\n'}
[28.464812] (serial_motor_demo_msgs) StdoutLine: {'line': b'-- Set runtime path of "/home/winicon/smilebot_ws/install/serial_motor_demo_msgs/lib/libserial_motor_demo_msgs__rosidl_typesupport_fastrtps_c.so" to ""\n'}
[28.466124] (serial_motor_demo_msgs) StdoutLine: {'line': b'-- Installing: /home/winicon/smilebot_ws/install/serial_motor_demo_msgs/lib/libserial_motor_demo_msgs__rosidl_typesupport_introspection_c.so\n'}
[28.469181] (serial_motor_demo_msgs) StdoutLine: {'line': b'-- Set runtime path of "/home/winicon/smilebot_ws/install/serial_motor_demo_msgs/lib/libserial_motor_demo_msgs__rosidl_typesupport_introspection_c.so" to ""\n'}
[28.470385] (serial_motor_demo_msgs) StdoutLine: {'line': b'-- Installing: /home/winicon/smilebot_ws/install/serial_motor_demo_msgs/lib/libserial_motor_demo_msgs__rosidl_typesupport_c.so\n'}
[28.473245] (serial_motor_demo_msgs) StdoutLine: {'line': b'-- Set runtime path of "/home/winicon/smilebot_ws/install/serial_motor_demo_msgs/lib/libserial_motor_demo_msgs__rosidl_typesupport_c.so" to ""\n'}
[28.474604] (serial_motor_demo_msgs) StdoutLine: {'line': b'-- Installing: /home/winicon/smilebot_ws/install/serial_motor_demo_msgs/lib/libserial_motor_demo_msgs__rosidl_typesupport_fastrtps_cpp.so\n'}
[28.477920] (serial_motor_demo_msgs) StdoutLine: {'line': b'-- Set runtime path of "/home/winicon/smilebot_ws/install/serial_motor_demo_msgs/lib/libserial_motor_demo_msgs__rosidl_typesupport_fastrtps_cpp.so" to ""\n'}
[28.479233] (serial_motor_demo_msgs) StdoutLine: {'line': b'-- Installing: /home/winicon/smilebot_ws/install/serial_motor_demo_msgs/lib/libserial_motor_demo_msgs__rosidl_typesupport_introspection_cpp.so\n'}
[28.482248] (serial_motor_demo_msgs) StdoutLine: {'line': b'-- Set runtime path of "/home/winicon/smilebot_ws/install/serial_motor_demo_msgs/lib/libserial_motor_demo_msgs__rosidl_typesupport_introspection_cpp.so" to ""\n'}
[28.483517] (serial_motor_demo_msgs) StdoutLine: {'line': b'-- Installing: /home/winicon/smilebot_ws/install/serial_motor_demo_msgs/lib/libserial_motor_demo_msgs__rosidl_typesupport_cpp.so\n'}
[28.486845] (serial_motor_demo_msgs) StdoutLine: {'line': b'-- Set runtime path of "/home/winicon/smilebot_ws/install/serial_motor_demo_msgs/lib/libserial_motor_demo_msgs__rosidl_typesupport_cpp.so" to ""\n'}
[28.512635] (-) TimerEvent: {}
[28.613502] (-) TimerEvent: {}
[28.714300] (-) TimerEvent: {}
[28.725391] (serial_motor_demo_msgs) StdoutLine: {'line': b"Listing '/home/winicon/smilebot_ws/install/serial_motor_demo_msgs/local/lib/python3.10/dist-packages/serial_motor_demo_msgs'...\n"}
[28.727054] (serial_motor_demo_msgs) StdoutLine: {'line': b"Compiling '/home/winicon/smilebot_ws/install/serial_motor_demo_msgs/local/lib/python3.10/dist-packages/serial_motor_demo_msgs/__init__.py'...\n"}
[28.728564] (serial_motor_demo_msgs) StdoutLine: {'line': b"Listing '/home/winicon/smilebot_ws/install/serial_motor_demo_msgs/local/lib/python3.10/dist-packages/serial_motor_demo_msgs/msg'...\n"}
[28.729917] (serial_motor_demo_msgs) StdoutLine: {'line': b"Compiling '/home/winicon/smilebot_ws/install/serial_motor_demo_msgs/local/lib/python3.10/dist-packages/serial_motor_demo_msgs/msg/__init__.py'...\n"}
[28.731616] (serial_motor_demo_msgs) StdoutLine: {'line': b"Compiling '/home/winicon/smilebot_ws/install/serial_motor_demo_msgs/local/lib/python3.10/dist-packages/serial_motor_demo_msgs/msg/_encoder_vals.py'...\n"}
[28.732912] (serial_motor_demo_msgs) StdoutLine: {'line': b"Compiling '/home/winicon/smilebot_ws/install/serial_motor_demo_msgs/local/lib/python3.10/dist-packages/serial_motor_demo_msgs/msg/_motor_command.py'...\n"}
[28.736015] (serial_motor_demo_msgs) StdoutLine: {'line': b"Compiling '/home/winicon/smilebot_ws/install/serial_motor_demo_msgs/local/lib/python3.10/dist-packages/serial_motor_demo_msgs/msg/_motor_vels.py'...\n"}
[28.759932] (serial_motor_demo_msgs) StdoutLine: {'line': b'-- Installing: /home/winicon/smilebot_ws/install/serial_motor_demo_msgs/lib/libserial_motor_demo_msgs__rosidl_generator_py.so\n'}
[28.761417] (serial_motor_demo_msgs) StdoutLine: {'line': b'-- Set runtime path of "/home/winicon/smilebot_ws/install/serial_motor_demo_msgs/lib/libserial_motor_demo_msgs__rosidl_generator_py.so" to ""\n'}
[28.762333] (serial_motor_demo_msgs) StdoutLine: {'line': b'-- Installing: /home/winicon/smilebot_ws/install/serial_motor_demo_msgs/share/serial_motor_demo_msgs/cmake/export_serial_motor_demo_msgs__rosidl_generator_cExport.cmake\n'}
[28.764530] (serial_motor_demo_msgs) StdoutLine: {'line': b'-- Installing: /home/winicon/smilebot_ws/install/serial_motor_demo_msgs/share/serial_motor_demo_msgs/cmake/export_serial_motor_demo_msgs__rosidl_generator_cExport-noconfig.cmake\n'}
[28.766977] (serial_motor_demo_msgs) StdoutLine: {'line': b'-- Installing: /home/winicon/smilebot_ws/install/serial_motor_demo_msgs/share/serial_motor_demo_msgs/cmake/export_serial_motor_demo_msgs__rosidl_typesupport_fastrtps_cExport.cmake\n'}
[28.769018] (serial_motor_demo_msgs) StdoutLine: {'line': b'-- Installing: /home/winicon/smilebot_ws/install/serial_motor_demo_msgs/share/serial_motor_demo_msgs/cmake/export_serial_motor_demo_msgs__rosidl_typesupport_fastrtps_cExport-noconfig.cmake\n'}
[28.771590] (serial_motor_demo_msgs) StdoutLine: {'line': b'-- Installing: /home/winicon/smilebot_ws/install/serial_motor_demo_msgs/share/serial_motor_demo_msgs/cmake/serial_motor_demo_msgs__rosidl_typesupport_introspection_cExport.cmake\n'}
[28.773633] (serial_motor_demo_msgs) StdoutLine: {'line': b'-- Installing: /home/winicon/smilebot_ws/install/serial_motor_demo_msgs/share/serial_motor_demo_msgs/cmake/serial_motor_demo_msgs__rosidl_typesupport_introspection_cExport-noconfig.cmake\n'}
[28.776051] (serial_motor_demo_msgs) StdoutLine: {'line': b'-- Installing: /home/winicon/smilebot_ws/install/serial_motor_demo_msgs/share/serial_motor_demo_msgs/cmake/serial_motor_demo_msgs__rosidl_typesupport_cExport.cmake\n'}
[28.777951] (serial_motor_demo_msgs) StdoutLine: {'line': b'-- Installing: /home/winicon/smilebot_ws/install/serial_motor_demo_msgs/share/serial_motor_demo_msgs/cmake/serial_motor_demo_msgs__rosidl_typesupport_cExport-noconfig.cmake\n'}
[28.780354] (serial_motor_demo_msgs) StdoutLine: {'line': b'-- Installing: /home/winicon/smilebot_ws/install/serial_motor_demo_msgs/share/serial_motor_demo_msgs/cmake/export_serial_motor_demo_msgs__rosidl_generator_cppExport.cmake\n'}
[28.782826] (serial_motor_demo_msgs) StdoutLine: {'line': b'-- Installing: /home/winicon/smilebot_ws/install/serial_motor_demo_msgs/share/serial_motor_demo_msgs/cmake/export_serial_motor_demo_msgs__rosidl_typesupport_fastrtps_cppExport.cmake\n'}
[28.784818] (serial_motor_demo_msgs) StdoutLine: {'line': b'-- Installing: /home/winicon/smilebot_ws/install/serial_motor_demo_msgs/share/serial_motor_demo_msgs/cmake/export_serial_motor_demo_msgs__rosidl_typesupport_fastrtps_cppExport-noconfig.cmake\n'}
[28.787807] (serial_motor_demo_msgs) StdoutLine: {'line': b'-- Installing: /home/winicon/smilebot_ws/install/serial_motor_demo_msgs/share/serial_motor_demo_msgs/cmake/serial_motor_demo_msgs__rosidl_typesupport_introspection_cppExport.cmake\n'}
[28.789880] (serial_motor_demo_msgs) StdoutLine: {'line': b'-- Installing: /home/winicon/smilebot_ws/install/serial_motor_demo_msgs/share/serial_motor_demo_msgs/cmake/serial_motor_demo_msgs__rosidl_typesupport_introspection_cppExport-noconfig.cmake\n'}
[28.793309] (serial_motor_demo_msgs) StdoutLine: {'line': b'-- Installing: /home/winicon/smilebot_ws/install/serial_motor_demo_msgs/share/serial_motor_demo_msgs/cmake/serial_motor_demo_msgs__rosidl_typesupport_cppExport.cmake\n'}
[28.795317] (serial_motor_demo_msgs) StdoutLine: {'line': b'-- Installing: /home/winicon/smilebot_ws/install/serial_motor_demo_msgs/share/serial_motor_demo_msgs/cmake/serial_motor_demo_msgs__rosidl_typesupport_cppExport-noconfig.cmake\n'}
[28.797698] (serial_motor_demo_msgs) StdoutLine: {'line': b'-- Installing: /home/winicon/smilebot_ws/install/serial_motor_demo_msgs/share/serial_motor_demo_msgs/cmake/export_serial_motor_demo_msgs__rosidl_generator_pyExport.cmake\n'}
[28.799698] (serial_motor_demo_msgs) StdoutLine: {'line': b'-- Installing: /home/winicon/smilebot_ws/install/serial_motor_demo_msgs/share/serial_motor_demo_msgs/cmake/export_serial_motor_demo_msgs__rosidl_generator_pyExport-noconfig.cmake\n'}
[28.809314] (serial_motor_demo_msgs) CommandEnded: {'returncode': 0}
[28.830917] (-) TimerEvent: {}
[28.931752] (-) TimerEvent: {}
[29.032973] (-) TimerEvent: {}
[29.134060] (-) TimerEvent: {}
[29.234798] (-) TimerEvent: {}
[29.335637] (-) TimerEvent: {}
[29.459070] (-) TimerEvent: {}
[29.480434] (serial_motor_demo_msgs) JobEnded: {'identifier': 'serial_motor_demo_msgs', 'rc': 0}
[29.483146] (serial_motor_demo) JobStarted: {'identifier': 'serial_motor_demo'}
[29.559297] (-) TimerEvent: {}
[29.660088] (-) TimerEvent: {}
[29.760831] (-) TimerEvent: {}
[29.861613] (-) TimerEvent: {}
[29.962376] (-) TimerEvent: {}
[30.063319] (-) TimerEvent: {}
[30.164133] (-) TimerEvent: {}
[30.264891] (-) TimerEvent: {}
[30.365556] (-) TimerEvent: {}
[30.466263] (-) TimerEvent: {}
[30.567041] (-) TimerEvent: {}
[30.667760] (-) TimerEvent: {}
[30.768510] (-) TimerEvent: {}
[30.869257] (-) TimerEvent: {}
[30.970017] (-) TimerEvent: {}
[31.070880] (-) TimerEvent: {}
[31.172527] (-) TimerEvent: {}
[31.273422] (-) TimerEvent: {}
[31.374221] (-) TimerEvent: {}
[31.474944] (-) TimerEvent: {}
[31.575714] (-) TimerEvent: {}
[31.676506] (-) TimerEvent: {}
[31.777257] (-) TimerEvent: {}
[31.878003] (-) TimerEvent: {}
[31.978764] (-) TimerEvent: {}
[32.079497] (-) TimerEvent: {}
[32.180214] (-) TimerEvent: {}
[32.281106] (-) TimerEvent: {}
[32.381821] (-) TimerEvent: {}
[32.482544] (-) TimerEvent: {}
[32.583325] (-) TimerEvent: {}
[32.684065] (-) TimerEvent: {}
[32.784842] (-) TimerEvent: {}
[32.885600] (-) TimerEvent: {}
[32.986353] (-) TimerEvent: {}
[33.087168] (-) TimerEvent: {}
[33.188026] (-) TimerEvent: {}
[33.271532] (serial_motor_demo) Command: {'cmd': ['/usr/bin/python3', '-W', 'ignore:setup.py install is deprecated', 'setup.py', 'develop', '--editable', '--build-directory', '/home/winicon/smilebot_ws/build/serial_motor_demo/build', '--no-deps', 'symlink_data'], 'cwd': '/home/winicon/smilebot_ws/build/serial_motor_demo', 'env': {'LESSOPEN': '| /usr/bin/lesspipe %s', 'LANGUAGE': 'en_GB:en', 'WORKON_HOME': '/home/winicon/.virtualenvs', 'USER': 'winicon', 'SSH_CLIENT': '192.168.1.66 62579 22', 'XDG_SESSION_TYPE': 'tty', 'GIT_ASKPASS': '/home/winicon/.vscode-server/cli/servers/Stable-fabdb6a30b49f79a7aba0f2ad9df9b399473380f/server/extensions/git/dist/askpass.sh', 'SHLVL': '1', 'LD_LIBRARY_PATH': '/home/winicon/smilebot_ws/install/serial_motor_demo_msgs/lib:/opt/ros/humble/opt/rviz_ogre_vendor/lib:/opt/ros/humble/lib/aarch64-linux-gnu:/opt/ros/humble/lib', 'BROWSER': '/home/winicon/.vscode-server/cli/servers/Stable-fabdb6a30b49f79a7aba0f2ad9df9b399473380f/server/bin/helpers/browser.sh', 'MOTD_SHOWN': 'pam', 'HOME': '/home/winicon', 'VIRTUALENVWRAPPER_PYTHON': '/usr/bin/python3', 'OLDPWD': '/home/winicon/smilebot_ws/src/serial_motor_demo', 'TERM_PROGRAM_VERSION': '1.96.2', 'VSCODE_IPC_HOOK_CLI': '/run/user/1000/vscode-ipc-e7a4cc3d-0e85-42bb-9dc5-efc4c6779997.sock', 'ROS_PYTHON_VERSION': '3', 'VSCODE_GIT_ASKPASS_MAIN': '/home/winicon/.vscode-server/cli/servers/Stable-fabdb6a30b49f79a7aba0f2ad9df9b399473380f/server/extensions/git/dist/askpass-main.js', 'VSCODE_GIT_ASKPASS_NODE': '/home/winicon/.vscode-server/cli/servers/Stable-fabdb6a30b49f79a7aba0f2ad9df9b399473380f/server/node', 'SSL_CERT_FILE': '/usr/lib/ssl/certs/ca-certificates.crt', 'DBUS_SESSION_BUS_ADDRESS': 'unix:path=/run/user/1000/bus', 'COLORTERM': 'truecolor', 'ROS_DISTRO': 'humble', 'LOGNAME': 'winicon', '_': '/usr/bin/colcon', 'ROS_VERSION': '2', 'XDG_SESSION_CLASS': 'user', 'TERM': 'xterm-256color', 'XDG_SESSION_ID': '3', 'ROS_LOCALHOST_ONLY': '0', 'PATH': '/opt/ros/humble/bin:/home/winicon/.vscode-server/cli/servers/Stable-fabdb6a30b49f79a7aba0f2ad9df9b399473380f/server/bin/remote-cli:/usr/local/sbin:/usr/local/bin:/usr/sbin:/usr/bin:/sbin:/bin:/usr/games:/usr/local/games:/snap/bin', 'XDG_RUNTIME_DIR': '/run/user/1000', 'SSL_CERT_DIR': '/usr/lib/ssl/certs', 'LANG': 'en_US.UTF-8', 'LS_COLORS': 'rs=0:di=01;34:ln=01;36:mh=00:pi=40;33:so=01;35:do=01;35:bd=40;33;01:cd=40;33;01:or=40;31;01:mi=00:su=37;41:sg=30;43:ca=30;41:tw=30;42:ow=34;42:st=37;44:ex=01;32:*.tar=01;31:*.tgz=01;31:*.arc=01;31:*.arj=01;31:*.taz=01;31:*.lha=01;31:*.lz4=01;31:*.lzh=01;31:*.lzma=01;31:*.tlz=01;31:*.txz=01;31:*.tzo=01;31:*.t7z=01;31:*.zip=01;31:*.z=01;31:*.dz=01;31:*.gz=01;31:*.lrz=01;31:*.lz=01;31:*.lzo=01;31:*.xz=01;31:*.zst=01;31:*.tzst=01;31:*.bz2=01;31:*.bz=01;31:*.tbz=01;31:*.tbz2=01;31:*.tz=01;31:*.deb=01;31:*.rpm=01;31:*.jar=01;31:*.war=01;31:*.ear=01;31:*.sar=01;31:*.rar=01;31:*.alz=01;31:*.ace=01;31:*.zoo=01;31:*.cpio=01;31:*.7z=01;31:*.rz=01;31:*.cab=01;31:*.wim=01;31:*.swm=01;31:*.dwm=01;31:*.esd=01;31:*.jpg=01;35:*.jpeg=01;35:*.mjpg=01;35:*.mjpeg=01;35:*.gif=01;35:*.bmp=01;35:*.pbm=01;35:*.pgm=01;35:*.ppm=01;35:*.tga=01;35:*.xbm=01;35:*.xpm=01;35:*.tif=01;35:*.tiff=01;35:*.png=01;35:*.svg=01;35:*.svgz=01;35:*.mng=01;35:*.pcx=01;35:*.mov=01;35:*.mpg=01;35:*.mpeg=01;35:*.m2v=01;35:*.mkv=01;35:*.webm=01;35:*.webp=01;35:*.ogm=01;35:*.mp4=01;35:*.m4v=01;35:*.mp4v=01;35:*.vob=01;35:*.qt=01;35:*.nuv=01;35:*.wmv=01;35:*.asf=01;35:*.rm=01;35:*.rmvb=01;35:*.flc=01;35:*.avi=01;35:*.fli=01;35:*.flv=01;35:*.gl=01;35:*.dl=01;35:*.xcf=01;35:*.xwd=01;35:*.yuv=01;35:*.cgm=01;35:*.emf=01;35:*.ogv=01;35:*.ogx=01;35:*.aac=00;36:*.au=00;36:*.flac=00;36:*.m4a=00;36:*.mid=00;36:*.midi=00;36:*.mka=00;36:*.mp3=00;36:*.mpc=00;36:*.ogg=00;36:*.ra=00;36:*.wav=00;36:*.oga=00;36:*.opus=00;36:*.spx=00;36:*.xspf=00;36:', 'VSCODE_GIT_IPC_HANDLE': '/run/user/1000/vscode-git-dbbed90932.sock', 'TERM_PROGRAM': 'vscode', 'AMENT_PREFIX_PATH': '/home/winicon/smilebot_ws/install/serial_motor_demo_msgs:/opt/ros/humble', 'SHELL': '/bin/bash', 'LESSCLOSE': '/usr/bin/lesspipe %s %s', 'VSCODE_GIT_ASKPASS_EXTRA_ARGS': '', 'PWD': '/home/winicon/smilebot_ws/build/serial_motor_demo', 'LC_ALL': 'en_US.UTF-8', 'SSH_CONNECTION': '192.168.1.66 62579 192.168.1.177 22', 'PYTHONPATH': '/home/winicon/smilebot_ws/build/serial_motor_demo/prefix_override:/usr/lib/python3/dist-packages/colcon_core/task/python/colcon_distutils_commands:/home/winicon/smilebot_ws/install/serial_motor_demo/lib/python3.10/site-packages:/home/winicon/smilebot_ws/install/serial_motor_demo_msgs/local/lib/python3.10/dist-packages:/opt/ros/humble/lib/python3.10/site-packages:/opt/ros/humble/local/lib/python3.10/dist-packages', 'COLCON': '1', 'CMAKE_PREFIX_PATH': '/home/winicon/smilebot_ws/install/serial_motor_demo_msgs'}, 'shell': False}
[33.288175] (-) TimerEvent: {}
[33.389052] (-) TimerEvent: {}
[33.489874] (-) TimerEvent: {}
[33.590750] (-) TimerEvent: {}
[33.691592] (-) TimerEvent: {}
[33.792359] (-) TimerEvent: {}
[33.893109] (-) TimerEvent: {}
[33.993810] (-) TimerEvent: {}
[34.094568] (-) TimerEvent: {}
[34.195337] (-) TimerEvent: {}
[34.296029] (-) TimerEvent: {}
[34.396697] (-) TimerEvent: {}
[34.497530] (-) TimerEvent: {}
[34.598242] (-) TimerEvent: {}
[34.696024] (serial_motor_demo) StderrLine: {'line': b"/usr/lib/python3/dist-packages/setuptools/dist.py:723: UserWarning: Usage of dash-separated 'script-dir' will not be supported in future versions. Please use the underscore name 'script_dir' instead\n"}
[34.696884] (serial_motor_demo) StderrLine: {'line': b'  warnings.warn(\n'}
[34.698403] (-) TimerEvent: {}
[34.799196] (-) TimerEvent: {}
[34.831380] (serial_motor_demo) StdoutLine: {'line': b'running develop\n'}
[34.833007] (serial_motor_demo) StderrLine: {'line': b'/usr/lib/python3/dist-packages/setuptools/command/easy_install.py:158: EasyInstallDeprecationWarning: easy_install command is deprecated. Use build and pip and other standards-based tools.\n'}
[34.833677] (serial_motor_demo) StderrLine: {'line': b'  warnings.warn(\n'}
[34.899368] (-) TimerEvent: {}
[35.000155] (-) TimerEvent: {}
[35.100903] (-) TimerEvent: {}
[35.201622] (-) TimerEvent: {}
[35.302369] (-) TimerEvent: {}
[35.403140] (-) TimerEvent: {}
[35.503884] (-) TimerEvent: {}
[35.604633] (-) TimerEvent: {}
[35.705336] (-) TimerEvent: {}
[35.806071] (-) TimerEvent: {}
[35.906992] (-) TimerEvent: {}
[36.007818] (-) TimerEvent: {}
[36.073407] (serial_motor_demo) StdoutLine: {'line': b'running egg_info\n'}
[36.074373] (serial_motor_demo) StdoutLine: {'line': b'writing serial_motor_demo.egg-info/PKG-INFO\n'}
[36.076487] (serial_motor_demo) StdoutLine: {'line': b'writing dependency_links to serial_motor_demo.egg-info/dependency_links.txt\n'}
[36.078769] (serial_motor_demo) StdoutLine: {'line': b'writing entry points to serial_motor_demo.egg-info/entry_points.txt\n'}
[36.079451] (serial_motor_demo) StdoutLine: {'line': b'writing requirements to serial_motor_demo.egg-info/requires.txt\n'}
[36.080500] (serial_motor_demo) StdoutLine: {'line': b'writing top-level names to serial_motor_demo.egg-info/top_level.txt\n'}
[36.095632] (serial_motor_demo) StdoutLine: {'line': b"reading manifest file 'serial_motor_demo.egg-info/SOURCES.txt'\n"}
[36.099190] (serial_motor_demo) StdoutLine: {'line': b"writing manifest file 'serial_motor_demo.egg-info/SOURCES.txt'\n"}
[36.105726] (serial_motor_demo) StdoutLine: {'line': b'running build_ext\n'}
[36.106624] (serial_motor_demo) StdoutLine: {'line': b'Creating /home/winicon/smilebot_ws/install/serial_motor_demo/lib/python3.10/site-packages/serial-motor-demo.egg-link (link to .)\n'}
[36.108164] (-) TimerEvent: {}
[36.113126] (serial_motor_demo) StdoutLine: {'line': b'Installing driver script to /home/winicon/smilebot_ws/install/serial_motor_demo/lib/serial_motor_demo\n'}
[36.114138] (serial_motor_demo) StdoutLine: {'line': b'Installing gui script to /home/winicon/smilebot_ws/install/serial_motor_demo/lib/serial_motor_demo\n'}
[36.115921] (serial_motor_demo) StdoutLine: {'line': b'\n'}
[36.116859] (serial_motor_demo) StdoutLine: {'line': b'Installed /home/winicon/smilebot_ws/build/serial_motor_demo\n'}
[36.117404] (serial_motor_demo) StdoutLine: {'line': b'running symlink_data\n'}
[36.208463] (-) TimerEvent: {}
[36.265683] (serial_motor_demo) CommandEnded: {'returncode': 0}
[36.309137] (serial_motor_demo) JobEnded: {'identifier': 'serial_motor_demo', 'rc': 0}
[36.313752] (-) TimerEvent: {}
[36.314305] (-) EventReactorShutdown: {}
